League,Year,Pick,Team,PlayerID
427623,2016,1,359.l.427623.t.8,359.p.24171
427623,2016,2,359.l.427623.t.4,359.p.24793
427623,2016,3,359.l.427623.t.9,359.p.27540
427623,2016,4,359.l.427623.t.11,359.p.26650
427623,2016,5,359.l.427623.t.3,359.p.24017
427623,2016,6,359.l.427623.t.7,359.p.26708
427623,2016,7,359.l.427623.t.2,359.p.8261
427623,2016,8,359.l.427623.t.13,359.p.28474
427623,2016,9,359.l.427623.t.1,359.p.28398
427623,2016,10,359.l.427623.t.6,359.p.24791
427623,2016,11,359.l.427623.t.12,359.p.23999
427623,2016,12,359.l.427623.t.14,359.p.29238
427623,2016,13,359.l.427623.t.10,359.p.27535
427623,2016,14,359.l.427623.t.5,359.p.27589
427623,2016,15,359.l.427623.t.5,359.p.25807
427623,2016,16,359.l.427623.t.10,359.p.26684
427623,2016,17,359.l.427623.t.14,359.p.7868
427623,2016,18,359.l.427623.t.12,359.p.8285
427623,2016,19,359.l.427623.t.6,359.p.26699
427623,2016,20,359.l.427623.t.1,359.p.26671
427623,2016,21,359.l.427623.t.13,359.p.8813
427623,2016,22,359.l.427623.t.2,359.p.8850
427623,2016,23,359.l.427623.t.7,359.p.27631
427623,2016,24,359.l.427623.t.3,359.p.27548
427623,2016,25,359.l.427623.t.11,359.p.24815
427623,2016,26,359.l.427623.t.9,359.p.25741
427623,2016,27,359.l.427623.t.4,359.p.25755
427623,2016,28,359.l.427623.t.8,359.p.9317
427623,2016,29,359.l.427623.t.8,359.p.28392
427623,2016,30,359.l.427623.t.4,359.p.23997
427623,2016,31,359.l.427623.t.9,359.p.24788
427623,2016,32,359.l.427623.t.11,359.p.24851
427623,2016,33,359.l.427623.t.3,359.p.27591
427623,2016,34,359.l.427623.t.7,359.p.25719
427623,2016,35,359.l.427623.t.2,359.p.7200
427623,2016,36,359.l.427623.t.13,359.p.26878
427623,2016,37,359.l.427623.t.1,359.p.27532
427623,2016,38,359.l.427623.t.6,359.p.25802
427623,2016,39,359.l.427623.t.12,359.p.25105
427623,2016,40,359.l.427623.t.14,359.p.27618
427623,2016,41,359.l.427623.t.10,359.p.9283
427623,2016,42,359.l.427623.t.5,359.p.25785
427623,2016,43,359.l.427623.t.5,359.p.24062
427623,2016,44,359.l.427623.t.10,359.p.26804
427623,2016,45,359.l.427623.t.14,359.p.27585
427623,2016,46,359.l.427623.t.12,359.p.27556
427623,2016,47,359.l.427623.t.6,359.p.8821
427623,2016,48,359.l.427623.t.1,359.p.9496
427623,2016,49,359.l.427623.t.13,359.p.27874
427623,2016,50,359.l.427623.t.2,359.p.24139
427623,2016,51,359.l.427623.t.7,359.p.24035
427623,2016,52,359.l.427623.t.3,359.p.100026
427623,2016,53,359.l.427623.t.11,359.p.24858
427623,2016,54,359.l.427623.t.9,359.p.26686
427623,2016,55,359.l.427623.t.4,359.p.28714
427623,2016,56,359.l.427623.t.8,359.p.5479
427623,2016,57,359.l.427623.t.8,359.p.23987
427623,2016,58,359.l.427623.t.4,359.p.100007
427623,2016,59,359.l.427623.t.9,359.p.25768
427623,2016,60,359.l.427623.t.11,359.p.6762
427623,2016,61,359.l.427623.t.3,359.p.25711
427623,2016,62,359.l.427623.t.7,359.p.100029
427623,2016,63,359.l.427623.t.2,359.p.9274
427623,2016,64,359.l.427623.t.13,359.p.100022
427623,2016,65,359.l.427623.t.1,359.p.6770
427623,2016,66,359.l.427623.t.6,359.p.8838
427623,2016,67,359.l.427623.t.12,359.p.27583
427623,2016,68,359.l.427623.t.14,359.p.100017
427623,2016,69,359.l.427623.t.10,359.p.26561
427623,2016,70,359.l.427623.t.5,359.p.9560
427623,2016,71,359.l.427623.t.5,359.p.7924
427623,2016,72,359.l.427623.t.10,359.p.5228
427623,2016,73,359.l.427623.t.14,359.p.25723
427623,2016,74,359.l.427623.t.12,359.p.26692
427623,2016,75,359.l.427623.t.6,359.p.100012
427623,2016,76,359.l.427623.t.1,359.p.27570
427623,2016,77,359.l.427623.t.13,359.p.6763
427623,2016,78,359.l.427623.t.2,359.p.24057
427623,2016,79,359.l.427623.t.7,359.p.27555
427623,2016,80,359.l.427623.t.3,359.p.28465
427623,2016,81,359.l.427623.t.11,359.p.8790
427623,2016,82,359.l.427623.t.9,359.p.28534
427623,2016,83,359.l.427623.t.4,359.p.25739
427623,2016,84,359.l.427623.t.8,359.p.100004
427623,2016,85,359.l.427623.t.8,359.p.24066
427623,2016,86,359.l.427623.t.4,359.p.25876
427623,2016,87,359.l.427623.t.9,359.p.7867
427623,2016,88,359.l.427623.t.11,359.p.100014
427623,2016,89,359.l.427623.t.3,359.p.28494
427623,2016,90,359.l.427623.t.7,359.p.9265
427623,2016,91,359.l.427623.t.2,359.p.24916
427623,2016,92,359.l.427623.t.13,359.p.25744
427623,2016,93,359.l.427623.t.1,359.p.26656
427623,2016,94,359.l.427623.t.6,359.p.26675
427623,2016,95,359.l.427623.t.12,359.p.6337
427623,2016,96,359.l.427623.t.14,359.p.26653
427623,2016,97,359.l.427623.t.10,359.p.8826
427623,2016,98,359.l.427623.t.5,359.p.100013
427623,2016,99,359.l.427623.t.5,359.p.27545
427623,2016,100,359.l.427623.t.10,359.p.27672
427623,2016,101,359.l.427623.t.14,359.p.24967
427623,2016,102,359.l.427623.t.12,359.p.25757
427623,2016,103,359.l.427623.t.6,359.p.26660
427623,2016,104,359.l.427623.t.1,359.p.8288
427623,2016,105,359.l.427623.t.13,359.p.7783
427623,2016,106,359.l.427623.t.2,359.p.27619
427623,2016,107,359.l.427623.t.7,359.p.28457
427623,2016,108,359.l.427623.t.3,359.p.24030
427623,2016,109,359.l.427623.t.11,359.p.27533
427623,2016,110,359.l.427623.t.9,359.p.9527
427623,2016,111,359.l.427623.t.4,359.p.8907
427623,2016,112,359.l.427623.t.8,359.p.25852
427623,2016,113,359.l.427623.t.8,359.p.26631
427623,2016,114,359.l.427623.t.4,359.p.7776
427623,2016,115,359.l.427623.t.9,359.p.26702
427623,2016,116,359.l.427623.t.11,359.p.26644
427623,2016,117,359.l.427623.t.3,359.p.8422
427623,2016,118,359.l.427623.t.7,359.p.28403
427623,2016,119,359.l.427623.t.2,359.p.9514
427623,2016,120,359.l.427623.t.13,359.p.28026
427623,2016,121,359.l.427623.t.1,359.p.24798
427623,2016,122,359.l.427623.t.6,359.p.7191
427623,2016,123,359.l.427623.t.12,359.p.9340
427623,2016,124,359.l.427623.t.14,359.p.26669
427623,2016,125,359.l.427623.t.10,359.p.25029
427623,2016,126,359.l.427623.t.5,359.p.24046
427623,2016,127,359.l.427623.t.5,359.p.28402
427623,2016,128,359.l.427623.t.10,359.p.24070
427623,2016,129,359.l.427623.t.14,359.p.27549
427623,2016,130,359.l.427623.t.12,359.p.28395
427623,2016,131,359.l.427623.t.6,359.p.29274
427623,2016,132,359.l.427623.t.1,359.p.26658
427623,2016,133,359.l.427623.t.13,359.p.29279
427623,2016,134,359.l.427623.t.2,359.p.27543
427623,2016,135,359.l.427623.t.7,359.p.26534
427623,2016,136,359.l.427623.t.3,359.p.28442
427623,2016,137,359.l.427623.t.11,359.p.5521
427623,2016,138,359.l.427623.t.9,359.p.7241
427623,2016,139,359.l.427623.t.4,359.p.28483
427623,2016,140,359.l.427623.t.8,359.p.28429
427623,2016,141,359.l.427623.t.8,359.p.27658
427623,2016,142,359.l.427623.t.4,359.p.28014
427623,2016,143,359.l.427623.t.9,359.p.7237
427623,2016,144,359.l.427623.t.11,359.p.8263
427623,2016,145,359.l.427623.t.3,359.p.29249
427623,2016,146,359.l.427623.t.7,359.p.25810
427623,2016,147,359.l.427623.t.2,359.p.6663
427623,2016,148,359.l.427623.t.13,359.p.25793
427623,2016,149,359.l.427623.t.1,359.p.100034
427623,2016,150,359.l.427623.t.6,359.p.28421
427623,2016,151,359.l.427623.t.12,359.p.100016
427623,2016,152,359.l.427623.t.14,359.p.25379
427623,2016,153,359.l.427623.t.10,359.p.100020
427623,2016,154,359.l.427623.t.5,359.p.25697
427623,2016,155,359.l.427623.t.5,359.p.26822
427623,2016,156,359.l.427623.t.10,359.p.25937
427623,2016,157,359.l.427623.t.14,359.p.28424
427623,2016,158,359.l.427623.t.12,359.p.28461
427623,2016,159,359.l.427623.t.6,359.p.9010
427623,2016,160,359.l.427623.t.1,359.p.24400
427623,2016,161,359.l.427623.t.13,359.p.28512
427623,2016,162,359.l.427623.t.2,359.p.27564
427623,2016,163,359.l.427623.t.7,359.p.24318
427623,2016,164,359.l.427623.t.3,359.p.24886
427623,2016,165,359.l.427623.t.11,359.p.27531
427623,2016,166,359.l.427623.t.9,359.p.9278
427623,2016,167,359.l.427623.t.4,359.p.24913
427623,2016,168,359.l.427623.t.8,359.p.25774
427623,2016,169,359.l.427623.t.8,359.p.28475
427623,2016,170,359.l.427623.t.4,359.p.28417
427623,2016,171,359.l.427623.t.9,359.p.6760
427623,2016,172,359.l.427623.t.11,359.p.9353
427623,2016,173,359.l.427623.t.3,359.p.28537
427623,2016,174,359.l.427623.t.7,359.p.25812
427623,2016,175,359.l.427623.t.2,359.p.9066
427623,2016,176,359.l.427623.t.13,359.p.27597
427623,2016,177,359.l.427623.t.1,359.p.29281
427623,2016,178,359.l.427623.t.6,359.p.28389
427623,2016,179,359.l.427623.t.12,359.p.29374
427623,2016,180,359.l.427623.t.14,359.p.7306
427623,2016,181,359.l.427623.t.10,359.p.26685
427623,2016,182,359.l.427623.t.5,359.p.29255
427623,2016,183,359.l.427623.t.5,359.p.27624
427623,2016,184,359.l.427623.t.10,359.p.8780
427623,2016,185,359.l.427623.t.14,359.p.24961
427623,2016,186,359.l.427623.t.12,359.p.29288
427623,2016,187,359.l.427623.t.6,359.p.24843
427623,2016,188,359.l.427623.t.1,359.p.25178
427623,2016,189,359.l.427623.t.13,359.p.25717
427623,2016,190,359.l.427623.t.2,359.p.26767
427623,2016,191,359.l.427623.t.7,359.p.29257
427623,2016,192,359.l.427623.t.3,359.p.24845
427623,2016,193,359.l.427623.t.11,359.p.8269
427623,2016,194,359.l.427623.t.9,359.p.100021
427623,2016,195,359.l.427623.t.4,359.p.24822
427623,2016,196,359.l.427623.t.8,359.p.26678
427623,2016,197,359.l.427623.t.8,359.p.24013
427623,2016,198,359.l.427623.t.4,359.p.25735
427623,2016,199,359.l.427623.t.9,359.p.100009
427623,2016,200,359.l.427623.t.11,359.p.8291
427623,2016,201,359.l.427623.t.3,359.p.9444
427623,2016,202,359.l.427623.t.7,359.p.28472
427623,2016,203,359.l.427623.t.2,359.p.26817
427623,2016,204,359.l.427623.t.13,359.p.8982
427623,2016,205,359.l.427623.t.1,359.p.24855
427623,2016,206,359.l.427623.t.6,359.p.27627
427623,2016,207,359.l.427623.t.12,359.p.29370
427623,2016,208,359.l.427623.t.14,359.p.9348
427623,2016,209,359.l.427623.t.10,359.p.9526
427623,2016,210,359.l.427623.t.5,359.p.27581
427623,2016,211,359.l.427623.t.5,359.p.28103
427623,2016,212,359.l.427623.t.10,359.p.6405
427623,2016,213,359.l.427623.t.14,359.p.29377
427623,2016,214,359.l.427623.t.12,359.p.25883
427623,2016,215,359.l.427623.t.6,359.p.28528
427623,2016,216,359.l.427623.t.1,359.p.27120
427623,2016,217,359.l.427623.t.13,359.p.25885
427623,2016,218,359.l.427623.t.2,359.p.28433
427623,2016,219,359.l.427623.t.7,359.p.26238
427623,2016,220,359.l.427623.t.3,359.p.26697
427623,2016,221,359.l.427623.t.11,359.p.24169
427623,2016,222,359.l.427623.t.9,359.p.6390
427623,2016,223,359.l.427623.t.4,359.p.8301
427623,2016,224,359.l.427623.t.8,359.p.8447
427623,2016,225,359.l.427623.t.8,359.p.7751
427623,2016,226,359.l.427623.t.4,359.p.25427
427623,2016,227,359.l.427623.t.9,359.p.27537
427623,2016,228,359.l.427623.t.11,359.p.8565
427623,2016,229,359.l.427623.t.3,359.p.28188
427623,2016,230,359.l.427623.t.7,359.p.100023
427623,2016,231,359.l.427623.t.2,359.p.29346
427623,2016,232,359.l.427623.t.13,359.p.29369
427623,2016,233,359.l.427623.t.1,359.p.27538
427623,2016,234,359.l.427623.t.6,359.p.3727
427623,2016,235,359.l.427623.t.12,359.p.29293
427623,2016,236,359.l.427623.t.14,359.p.28227
427623,2016,237,359.l.427623.t.10,359.p.24219
427623,2016,238,359.l.427623.t.5,359.p.28390
357522,2014,1,359.l.357522.t.2,359.p.24171
357522,2014,2,359.l.357522.t.14,359.p.27540
357522,2014,3,359.l.357522.t.8,359.p.24793
357522,2014,4,359.l.357522.t.4,359.p.28474
357522,2014,5,359.l.357522.t.5,359.p.28398
357522,2014,6,359.l.357522.t.6,359.p.29238
357522,2014,7,359.l.357522.t.10,359.p.26650
357522,2014,8,359.l.357522.t.11,359.p.25807
357522,2014,9,359.l.357522.t.12,359.p.24791
357522,2014,10,359.l.357522.t.3,359.p.8261
357522,2014,11,359.l.357522.t.13,359.p.24017
357522,2014,12,359.l.357522.t.9,359.p.8850
357522,2014,13,359.l.357522.t.7,359.p.27589
357522,2014,14,359.l.357522.t.1,359.p.23999
357522,2014,15,359.l.357522.t.1,359.p.24788
357522,2014,16,359.l.357522.t.7,359.p.7868
357522,2014,17,359.l.357522.t.9,359.p.28392
357522,2014,18,359.l.357522.t.13,359.p.26671
357522,2014,19,359.l.357522.t.3,359.p.27548
357522,2014,20,359.l.357522.t.12,359.p.26699
357522,2014,21,359.l.357522.t.11,359.p.24815
357522,2014,22,359.l.357522.t.10,359.p.27535
357522,2014,23,359.l.357522.t.6,359.p.25755
357522,2014,24,359.l.357522.t.5,359.p.27532
357522,2014,25,359.l.357522.t.4,359.p.25785
357522,2014,26,359.l.357522.t.8,359.p.26878
357522,2014,27,359.l.357522.t.14,359.p.8813
357522,2014,28,359.l.357522.t.2,359.p.9496
357522,2014,29,359.l.357522.t.2,359.p.9317
357522,2014,30,359.l.357522.t.14,359.p.25741
357522,2014,31,359.l.357522.t.8,359.p.26684
357522,2014,32,359.l.357522.t.4,359.p.7200
357522,2014,33,359.l.357522.t.5,359.p.25802
357522,2014,34,359.l.357522.t.6,359.p.27631
357522,2014,35,359.l.357522.t.10,359.p.28714
357522,2014,36,359.l.357522.t.11,359.p.23997
357522,2014,37,359.l.357522.t.12,359.p.27585
357522,2014,38,359.l.357522.t.3,359.p.24062
357522,2014,39,359.l.357522.t.13,359.p.26708
357522,2014,40,359.l.357522.t.9,359.p.5228
357522,2014,41,359.l.357522.t.7,359.p.25711
357522,2014,42,359.l.357522.t.1,359.p.25105
357522,2014,43,359.l.357522.t.1,359.p.5479
357522,2014,44,359.l.357522.t.7,359.p.26804
357522,2014,45,359.l.357522.t.9,359.p.9274
357522,2014,46,359.l.357522.t.13,359.p.27618
357522,2014,47,359.l.357522.t.3,359.p.8821
357522,2014,48,359.l.357522.t.12,359.p.27583
357522,2014,49,359.l.357522.t.11,359.p.24851
357522,2014,50,359.l.357522.t.10,359.p.6770
357522,2014,51,359.l.357522.t.6,359.p.24858
357522,2014,52,359.l.357522.t.5,359.p.24035
357522,2014,53,359.l.357522.t.4,359.p.8285
357522,2014,54,359.l.357522.t.8,359.p.9283
357522,2014,55,359.l.357522.t.14,359.p.27591
357522,2014,56,359.l.357522.t.2,359.p.25723
357522,2014,57,359.l.357522.t.2,359.p.27556
357522,2014,58,359.l.357522.t.14,359.p.27570
357522,2014,59,359.l.357522.t.8,359.p.8790
357522,2014,60,359.l.357522.t.4,359.p.6762
357522,2014,61,359.l.357522.t.5,359.p.23987
357522,2014,62,359.l.357522.t.6,359.p.6337
357522,2014,63,359.l.357522.t.10,359.p.28494
357522,2014,64,359.l.357522.t.11,359.p.9527
357522,2014,65,359.l.357522.t.12,359.p.27619
357522,2014,66,359.l.357522.t.3,359.p.8780
357522,2014,67,359.l.357522.t.13,359.p.7241
357522,2014,68,359.l.357522.t.9,359.p.8266
357522,2014,69,359.l.357522.t.7,359.p.25876
357522,2014,70,359.l.357522.t.1,359.p.9560
357522,2014,71,359.l.357522.t.1,359.p.26686
357522,2014,72,359.l.357522.t.7,359.p.26660
357522,2014,73,359.l.357522.t.9,359.p.6763
357522,2014,74,359.l.357522.t.13,359.p.6760
357522,2014,75,359.l.357522.t.3,359.p.28457
357522,2014,76,359.l.357522.t.12,359.p.27874
357522,2014,77,359.l.357522.t.11,359.p.25744
357522,2014,78,359.l.357522.t.10,359.p.28403
357522,2014,79,359.l.357522.t.6,359.p.7924
357522,2014,80,359.l.357522.t.5,359.p.28402
357522,2014,81,359.l.357522.t.4,359.p.24057
357522,2014,82,359.l.357522.t.8,359.p.8826
357522,2014,83,359.l.357522.t.14,359.p.28483
357522,2014,84,359.l.357522.t.2,359.p.9514
357522,2014,85,359.l.357522.t.2,359.p.26658
357522,2014,86,359.l.357522.t.14,359.p.27531
357522,2014,87,359.l.357522.t.8,359.p.24967
357522,2014,88,359.l.357522.t.4,359.p.29274
357522,2014,89,359.l.357522.t.5,359.p.24916
357522,2014,90,359.l.357522.t.6,359.p.26561
357522,2014,91,359.l.357522.t.10,359.p.29279
357522,2014,92,359.l.357522.t.11,359.p.26631
357522,2014,93,359.l.357522.t.12,359.p.6663
357522,2014,94,359.l.357522.t.3,359.p.25810
357522,2014,95,359.l.357522.t.13,359.p.28465
357522,2014,96,359.l.357522.t.9,359.p.24070
357522,2014,97,359.l.357522.t.7,359.p.8838
357522,2014,98,359.l.357522.t.1,359.p.25719
357522,2014,99,359.l.357522.t.1,359.p.24139
357522,2014,100,359.l.357522.t.7,359.p.7776
357522,2014,101,359.l.357522.t.9,359.p.5046
357522,2014,102,359.l.357522.t.13,359.p.25812
357522,2014,103,359.l.357522.t.3,359.p.8907
357522,2014,104,359.l.357522.t.12,359.p.28389
357522,2014,105,359.l.357522.t.11,359.p.24822
357522,2014,106,359.l.357522.t.10,359.p.25883
357522,2014,107,359.l.357522.t.6,359.p.28534
357522,2014,108,359.l.357522.t.5,359.p.28390
357522,2014,109,359.l.357522.t.4,359.p.27533
357522,2014,110,359.l.357522.t.8,359.p.9265
357522,2014,111,359.l.357522.t.14,359.p.25774
357522,2014,112,359.l.357522.t.2,359.p.27564
357522,2014,113,359.l.357522.t.2,359.p.28026
357522,2014,114,359.l.357522.t.14,359.p.25718
357522,2014,115,359.l.357522.t.8,359.p.26644
357522,2014,116,359.l.357522.t.4,359.p.27555
357522,2014,117,359.l.357522.t.5,359.p.7426
357522,2014,118,359.l.357522.t.6,359.p.25712
357522,2014,119,359.l.357522.t.10,359.p.29369
357522,2014,120,359.l.357522.t.11,359.p.7760
357522,2014,121,359.l.357522.t.12,359.p.6624
357522,2014,122,359.l.357522.t.3,359.p.8795
357522,2014,123,359.l.357522.t.13,359.p.7237
357522,2014,124,359.l.357522.t.9,359.p.7187
357522,2014,125,359.l.357522.t.7,359.p.28395
357522,2014,126,359.l.357522.t.1,359.p.24066
357522,2014,127,359.l.357522.t.1,359.p.28424
357522,2014,128,359.l.357522.t.7,359.p.7177
357522,2014,129,359.l.357522.t.9,359.p.9290
357522,2014,130,359.l.357522.t.13,359.p.7867
357522,2014,131,359.l.357522.t.3,359.p.9526
357522,2014,132,359.l.357522.t.12,359.p.9219
357522,2014,133,359.l.357522.t.11,359.p.25885
357522,2014,134,359.l.357522.t.10,359.p.25767
357522,2014,135,359.l.357522.t.6,359.p.5854
357522,2014,136,359.l.357522.t.5,359.p.28188
357522,2014,137,359.l.357522.t.4,359.p.9010
357522,2014,138,359.l.357522.t.8,359.p.9066
357522,2014,139,359.l.357522.t.14,359.p.8432
357522,2014,140,359.l.357522.t.2,359.p.25427
357522,2014,141,359.l.357522.t.2,359.p.28442
357522,2014,142,359.l.357522.t.14,359.p.25811
357522,2014,143,359.l.357522.t.8,359.p.25721
357522,2014,144,359.l.357522.t.4,359.p.28429
357522,2014,145,359.l.357522.t.5,359.p.24685
357522,2014,146,359.l.357522.t.6,359.p.24798
357522,2014,147,359.l.357522.t.10,359.p.9353
357522,2014,148,359.l.357522.t.11,359.p.27105
357522,2014,149,359.l.357522.t.12,359.p.25275
357522,2014,150,359.l.357522.t.3,359.p.26782
357522,2014,151,359.l.357522.t.13,359.p.24759
357522,2014,152,359.l.357522.t.9,359.p.9325
357522,2014,153,359.l.357522.t.7,359.p.26534
357522,2014,154,359.l.357522.t.1,359.p.8565
357522,2014,155,359.l.357522.t.1,359.p.6405
357522,2014,156,359.l.357522.t.7,359.p.23985
357522,2014,157,359.l.357522.t.9,359.p.8797
357522,2014,158,359.l.357522.t.13,359.p.26082
357522,2014,159,359.l.357522.t.3,359.p.26841
357522,2014,160,359.l.357522.t.12,359.p.24677
357522,2014,161,359.l.357522.t.11,359.p.9378
357522,2014,162,359.l.357522.t.10,359.p.26702
357522,2014,163,359.l.357522.t.6,359.p.26222
357522,2014,164,359.l.357522.t.5,359.p.24929
357522,2014,165,359.l.357522.t.4,359.p.24789
357522,2014,166,359.l.357522.t.8,359.p.27345
357522,2014,167,359.l.357522.t.14,359.p.26887
357522,2014,168,359.l.357522.t.2,359.p.23976
357522,2014,169,359.l.357522.t.2,359.p.8301
357522,2014,170,359.l.357522.t.14,359.p.27275
357522,2014,171,359.l.357522.t.8,359.p.24507
357522,2014,172,359.l.357522.t.4,359.p.7190
357522,2014,173,359.l.357522.t.5,359.p.7769
357522,2014,174,359.l.357522.t.6,359.p.27647
357522,2014,175,359.l.357522.t.10,359.p.25768
357522,2014,176,359.l.357522.t.11,359.p.27986
357522,2014,177,359.l.357522.t.12,359.p.23983
357522,2014,178,359.l.357522.t.3,359.p.27568
357522,2014,179,359.l.357522.t.13,359.p.9543
357522,2014,180,359.l.357522.t.9,359.p.9037
357522,2014,181,359.l.357522.t.7,359.p.8870
357522,2014,182,359.l.357522.t.1,359.p.26692
357522,2014,183,359.l.357522.t.1,359.p.26628
357522,2014,184,359.l.357522.t.7,359.p.23991
357522,2014,185,359.l.357522.t.9,359.p.28244
357522,2014,186,359.l.357522.t.13,359.p.26711
357522,2014,187,359.l.357522.t.3,359.p.25021
357522,2014,188,359.l.357522.t.12,359.p.27040
357522,2014,189,359.l.357522.t.11,359.p.27770
357522,2014,190,359.l.357522.t.10,359.p.26767
357522,2014,191,359.l.357522.t.6,359.p.25735
357522,2014,192,359.l.357522.t.5,359.p.25731
357522,2014,193,359.l.357522.t.4,359.p.25937
357522,2014,194,359.l.357522.t.8,359.p.27599
357522,2014,195,359.l.357522.t.14,359.p.8909
357522,2014,196,359.l.357522.t.2,359.p.24225
357522,2014,197,359.l.357522.t.2,359.p.7875
357522,2014,198,359.l.357522.t.14,359.p.27259
357522,2014,199,359.l.357522.t.8,359.p.25879
357522,2014,200,359.l.357522.t.4,359.p.27120
357522,2014,201,359.l.357522.t.5,359.p.27101
357522,2014,202,359.l.357522.t.6,359.p.25776
357522,2014,203,359.l.357522.t.10,359.p.24030
357522,2014,204,359.l.357522.t.11,359.p.29380
357522,2014,205,359.l.357522.t.12,359.p.27759
357522,2014,206,359.l.357522.t.3,359.p.27328
357522,2014,207,359.l.357522.t.13,359.p.29266
357522,2014,208,359.l.357522.t.9,359.p.9158
357522,2014,209,359.l.357522.t.7,359.p.24951
357522,2014,210,359.l.357522.t.1,359.p.24318
357522,2014,211,359.l.357522.t.1,359.p.29260
357522,2014,212,359.l.357522.t.7,359.p.27847
357522,2014,213,359.l.357522.t.9,359.p.9444
357522,2014,214,359.l.357522.t.13,359.p.29897
357522,2014,215,359.l.357522.t.3,359.p.29309
357522,2014,216,359.l.357522.t.12,359.p.29636
357522,2014,217,359.l.357522.t.11,359.p.29736
357522,2014,218,359.l.357522.t.10,359.p.7783
357522,2014,219,359.l.357522.t.6,359.p.29119
357522,2014,220,359.l.357522.t.5,359.p.29267
357522,2014,221,359.l.357522.t.4,359.p.25739
357522,2014,222,359.l.357522.t.8,359.p.26251
357522,2014,223,359.l.357522.t.14,359.p.5521
357522,2014,224,359.l.357522.t.2,359.p.24400
357522,2014,225,359.l.357522.t.2,359.p.28286
357522,2014,226,359.l.357522.t.14,359.p.6390
357522,2014,227,359.l.357522.t.8,359.p.28014
357522,2014,228,359.l.357522.t.4,359.p.28537
357522,2014,229,359.l.357522.t.5,359.p.25379
357522,2014,230,359.l.357522.t.6,359.p.24913
357522,2014,231,359.l.357522.t.10,359.p.25717
357522,2014,232,359.l.357522.t.11,359.p.29249
357522,2014,233,359.l.357522.t.12,359.p.28461
357522,2014,234,359.l.357522.t.3,359.p.27597
357522,2014,235,359.l.357522.t.13,359.p.28417
357522,2014,236,359.l.357522.t.9,359.p.7754
357522,2014,237,359.l.357522.t.7,359.p.27575
357522,2014,238,359.l.357522.t.1,359.p.29281
357522,2014,239,359.l.357522.t.1,359.p.27560
357522,2014,240,359.l.357522.t.7,359.p.25793
357522,2014,241,359.l.357522.t.9,359.p.24794
357522,2014,242,359.l.357522.t.13,359.p.24845
357522,2014,243,359.l.357522.t.3,359.p.27538
357522,2014,244,359.l.357522.t.12,359.p.27634
357522,2014,245,359.l.357522.t.11,359.p.28475
357522,2014,246,359.l.357522.t.10,359.p.8422
357522,2014,247,359.l.357522.t.6,359.p.27658
357522,2014,248,359.l.357522.t.5,359.p.9348
357522,2014,249,359.l.357522.t.4,359.p.27543
357522,2014,250,359.l.357522.t.8,359.p.26678
357522,2014,251,359.l.357522.t.14,359.p.27581
357522,2014,252,359.l.357522.t.2,359.p.29255
357522,2014,253,359.l.357522.t.2,359.p.26647
357522,2014,254,359.l.357522.t.14,359.p.5897
357522,2014,255,359.l.357522.t.8,359.p.25178
357522,2014,256,359.l.357522.t.4,359.p.24817
357522,2014,257,359.l.357522.t.5,359.p.25820
357522,2014,258,359.l.357522.t.6,359.p.29374
357522,2014,259,359.l.357522.t.10,359.p.8291
357522,2014,260,359.l.357522.t.11,359.p.7306
357522,2014,261,359.l.357522.t.12,359.p.8263
357522,2014,262,359.l.357522.t.3,359.p.24991
357522,2014,263,359.l.357522.t.13,359.p.24889
357522,2014,264,359.l.357522.t.9,359.p.8781
357522,2014,265,359.l.357522.t.7,359.p.26822
357522,2014,266,359.l.357522.t.1,359.p.26653
357522,2014,267,359.l.357522.t.1,359.p.29257
357522,2014,268,359.l.357522.t.7,359.p.26697
357522,2014,269,359.l.357522.t.9,359.p.8504
357522,2014,270,359.l.357522.t.13,359.p.27624
357522,2014,271,359.l.357522.t.3,359.p.26817
357522,2014,272,359.l.357522.t.12,359.p.28456
357522,2014,273,359.l.357522.t.11,359.p.24961
357522,2014,274,359.l.357522.t.10,359.p.8982
357522,2014,275,359.l.357522.t.6,359.p.29288
357522,2014,276,359.l.357522.t.5,359.p.24936
357522,2014,277,359.l.357522.t.4,359.p.24109
357522,2014,278,359.l.357522.t.8,359.p.28543
357522,2014,279,359.l.357522.t.14,359.p.29377
357522,2014,280,359.l.357522.t.2,359.p.28423
357522,2014,281,359.l.357522.t.2,359.p.28214
357522,2014,282,359.l.357522.t.14,359.p.24830
357522,2014,283,359.l.357522.t.8,359.p.25730
357522,2014,284,359.l.357522.t.4,359.p.28513
357522,2014,285,359.l.357522.t.5,359.p.28458
357522,2014,286,359.l.357522.t.6,359.p.29235
357522,2014,287,359.l.357522.t.10,359.p.8827
357522,2014,288,359.l.357522.t.11,359.p.28408
357522,2014,289,359.l.357522.t.12,359.p.27622
357522,2014,290,359.l.357522.t.3,359.p.28493
357522,2014,291,359.l.357522.t.13,359.p.28428
357522,2014,292,359.l.357522.t.9,359.p.26674
357522,2014,293,359.l.357522.t.7,359.p.27566
357522,2014,294,359.l.357522.t.1,359.p.24169
357522,2014,295,359.l.357522.t.1,359.p.29370
357522,2014,296,359.l.357522.t.7,359.p.6558
357522,2014,297,359.l.357522.t.9,359.p.25991
357522,2014,298,359.l.357522.t.13,359.p.5967
357522,2014,299,359.l.357522.t.3,359.p.28227
357522,2014,300,359.l.357522.t.12,359.p.28103
357522,2014,301,359.l.357522.t.11,359.p.7520
357522,2014,302,359.l.357522.t.10,359.p.9298
357522,2014,303,359.l.357522.t.6,359.p.6791
357522,2014,304,359.l.357522.t.5,359.p.25871
357522,2014,305,359.l.357522.t.4,359.p.26685
357522,2014,306,359.l.357522.t.8,359.p.7223
357522,2014,307,359.l.357522.t.14,359.p.3727
357522,2014,308,359.l.357522.t.2,359.p.27626
357522,2014,309,359.l.357522.t.2,359.p.8926
357522,2014,310,359.l.357522.t.14,359.p.24797
357522,2014,311,359.l.357522.t.8,359.p.9547
357522,2014,312,359.l.357522.t.4,359.p.23977
357522,2014,313,359.l.357522.t.5,359.p.6792
357522,2014,314,359.l.357522.t.6,359.p.8447
357522,2014,315,359.l.357522.t.10,359.p.24603
357522,2014,316,359.l.357522.t.11,359.p.25757
357522,2014,317,359.l.357522.t.12,359.p.26727
357522,2014,318,359.l.357522.t.3,359.p.7182
357522,2014,319,359.l.357522.t.13,359.p.6243
357522,2014,320,359.l.357522.t.9,359.p.24553
357522,2014,321,359.l.357522.t.7,359.p.24829
357522,2014,322,359.l.357522.t.1,359.p.9568
357522,2014,323,359.l.357522.t.1,359.p.25681
357522,2014,324,359.l.357522.t.7,359.p.27011
357522,2014,325,359.l.357522.t.9,359.p.9284
357522,2014,326,359.l.357522.t.13,359.p.27702
357522,2014,327,359.l.357522.t.3,359.p.8268
357522,2014,328,359.l.357522.t.12,359.p.26691
357522,2014,329,359.l.357522.t.11,359.p.24900
357522,2014,330,359.l.357522.t.10,359.p.27541
357522,2014,331,359.l.357522.t.6,359.p.27330
357522,2014,332,359.l.357522.t.5,359.p.25894
357522,2014,333,359.l.357522.t.4,359.p.23978
357522,2014,334,359.l.357522.t.8,359.p.26829
357522,2014,335,359.l.357522.t.14,359.p.25327
357522,2014,336,359.l.357522.t.2,359.p.26789
357522,2014,337,359.l.357522.t.2,359.p.27679
357522,2014,338,359.l.357522.t.14,359.p.24025
357522,2014,339,359.l.357522.t.8,359.p.24847
357522,2014,340,359.l.357522.t.4,359.p.9294
357522,2014,341,359.l.357522.t.5,359.p.27636
357522,2014,342,359.l.357522.t.6,359.p.27723
357522,2014,343,359.l.357522.t.10,359.p.24811
357522,2014,344,359.l.357522.t.11,359.p.28448
357522,2014,345,359.l.357522.t.12,359.p.28763
357522,2014,346,359.l.357522.t.3,359.p.7750
357522,2014,347,359.l.357522.t.13,359.p.27615
357522,2014,348,359.l.357522.t.9,359.p.7751
357522,2014,349,359.l.357522.t.7,359.p.27662
357522,2014,350,359.l.357522.t.1,359.p.24053
357522,2014,351,359.l.357522.t.1,359.p.24029
357522,2014,352,359.l.357522.t.7,359.p.24823
357522,2014,353,359.l.357522.t.9,359.p.9269
357522,2014,354,359.l.357522.t.13,359.p.28488
357522,2014,355,359.l.357522.t.3,359.p.24855
357522,2014,356,359.l.357522.t.12,359.p.26639
357522,2014,357,359.l.357522.t.11,359.p.25798
357522,2014,358,359.l.357522.t.10,359.p.25852
357522,2014,359,359.l.357522.t.6,359.p.27600
357522,2014,360,359.l.357522.t.5,359.p.29806
357522,2014,361,359.l.357522.t.4,359.p.28443
357522,2014,362,359.l.357522.t.8,359.p.29096
357522,2014,363,359.l.357522.t.14,359.p.28754
357522,2014,364,359.l.357522.t.2,359.p.27753
357522,2014,365,359.l.357522.t.2,359.p.27813
357522,2014,366,359.l.357522.t.14,359.p.29384
357522,2014,367,359.l.357522.t.8,359.p.24843
357522,2014,368,359.l.357522.t.4,359.p.27529
357522,2014,369,359.l.357522.t.5,359.p.29387
357522,2014,370,359.l.357522.t.6,359.p.29368
357522,2014,371,359.l.357522.t.10,359.p.25898
357522,2014,372,359.l.357522.t.11,359.p.26832
357522,2014,373,359.l.357522.t.12,359.p.28669
357522,2014,374,359.l.357522.t.3,359.p.5888
357522,2014,375,359.l.357522.t.13,359.p.25777
357522,2014,376,359.l.357522.t.9,359.p.6346
357522,2014,377,359.l.357522.t.7,359.p.8332
357522,2014,378,359.l.357522.t.1,359.p.25481
357522,2014,379,359.l.357522.t.1,359.p.8288
357522,2014,380,359.l.357522.t.7,359.p.8801
357522,2014,381,359.l.357522.t.9,359.p.7801
357522,2014,382,359.l.357522.t.13,359.p.25773
357522,2014,383,359.l.357522.t.3,359.p.8793
357522,2014,384,359.l.357522.t.12,359.p.26787
357522,2014,385,359.l.357522.t.11,359.p.27627
357522,2014,386,359.l.357522.t.10,359.p.7191
357522,2014,387,359.l.357522.t.6,359.p.24262
357522,2014,388,359.l.357522.t.5,359.p.9001
357522,2014,389,359.l.357522.t.4,359.p.8269
357522,2014,390,359.l.357522.t.8,359.p.26810
357522,2014,391,359.l.357522.t.14,359.p.7492
357522,2014,392,359.l.357522.t.2,359.p.24861
357522,2014,393,359.l.357522.t.2,359.p.24866
357522,2014,394,359.l.357522.t.14,359.p.28044
357522,2014,395,359.l.357522.t.8,359.p.27378
357522,2014,396,359.l.357522.t.4,359.p.23984
357522,2014,397,359.l.357522.t.5,359.p.8001
357522,2014,398,359.l.357522.t.6,359.p.27709
357522,2014,399,359.l.357522.t.10,359.p.9032
357522,2014,400,359.l.357522.t.11,359.p.9286
357522,2014,401,359.l.357522.t.12,359.p.25703
357522,2014,402,359.l.357522.t.3,359.p.9289
357522,2014,403,359.l.357522.t.13,359.p.7847
357522,2014,404,359.l.357522.t.9,359.p.8006
357522,2014,405,359.l.357522.t.7,359.p.24901
357522,2014,406,359.l.357522.t.1,359.p.24006
357522,2014,407,359.l.357522.t.1,359.p.28414
357522,2014,408,359.l.357522.t.7,359.p.8416
357522,2014,409,359.l.357522.t.9,359.p.28558
357522,2014,410,359.l.357522.t.13,359.p.26064
357522,2014,411,359.l.357522.t.3,359.p.26060
357522,2014,412,359.l.357522.t.12,359.p.29046
357522,2014,413,359.l.357522.t.11,359.p.8383
357522,2014,414,359.l.357522.t.10,359.p.8916
357522,2014,415,359.l.357522.t.6,359.p.27946
357522,2014,416,359.l.357522.t.5,359.p.9291
357522,2014,417,359.l.357522.t.4,359.p.29248
357522,2014,418,359.l.357522.t.8,359.p.26664
357522,2014,419,359.l.357522.t.14,359.p.26800
357522,2014,420,359.l.357522.t.2,359.p.26612
480773,2015,1,359.l.480773.t.1,359.p.24171
480773,2015,2,359.l.480773.t.8,359.p.24793
480773,2015,3,359.l.480773.t.2,359.p.27540
480773,2015,4,359.l.480773.t.6,359.p.28398
480773,2015,5,359.l.480773.t.9,359.p.26650
480773,2015,6,359.l.480773.t.5,359.p.28474
480773,2015,7,359.l.480773.t.7,359.p.8261
480773,2015,8,359.l.480773.t.3,359.p.29238
480773,2015,9,359.l.480773.t.10,359.p.24791
480773,2015,10,359.l.480773.t.4,359.p.27589
480773,2015,11,359.l.480773.t.4,359.p.23999
480773,2015,12,359.l.480773.t.10,359.p.25807
480773,2015,13,359.l.480773.t.3,359.p.26671
480773,2015,14,359.l.480773.t.7,359.p.24017
480773,2015,15,359.l.480773.t.5,359.p.26699
480773,2015,16,359.l.480773.t.9,359.p.8850
480773,2015,17,359.l.480773.t.6,359.p.25755
480773,2015,18,359.l.480773.t.2,359.p.27535
480773,2015,19,359.l.480773.t.8,359.p.9317
480773,2015,20,359.l.480773.t.1,359.p.24815
480773,2015,21,359.l.480773.t.1,359.p.7868
480773,2015,22,359.l.480773.t.8,359.p.25741
480773,2015,23,359.l.480773.t.2,359.p.8813
480773,2015,24,359.l.480773.t.6,359.p.27548
480773,2015,25,359.l.480773.t.9,359.p.27631
480773,2015,26,359.l.480773.t.5,359.p.26708
480773,2015,27,359.l.480773.t.7,359.p.26684
480773,2015,28,359.l.480773.t.3,359.p.25802
480773,2015,29,359.l.480773.t.10,359.p.28392
480773,2015,30,359.l.480773.t.4,359.p.8821
480773,2015,31,359.l.480773.t.4,359.p.27585
480773,2015,32,359.l.480773.t.10,359.p.24788
480773,2015,33,359.l.480773.t.3,359.p.26878
480773,2015,34,359.l.480773.t.7,359.p.23997
480773,2015,35,359.l.480773.t.5,359.p.28714
480773,2015,36,359.l.480773.t.9,359.p.8285
480773,2015,37,359.l.480773.t.6,359.p.7200
480773,2015,38,359.l.480773.t.2,359.p.26804
480773,2015,39,359.l.480773.t.8,359.p.27532
480773,2015,40,359.l.480773.t.1,359.p.9496
480773,2015,41,359.l.480773.t.1,359.p.24851
480773,2015,42,359.l.480773.t.8,359.p.27591
480773,2015,43,359.l.480773.t.2,359.p.24858
480773,2015,44,359.l.480773.t.6,359.p.24936
480773,2015,45,359.l.480773.t.9,359.p.27556
480773,2015,46,359.l.480773.t.5,359.p.25105
480773,2015,47,359.l.480773.t.7,359.p.25785
480773,2015,48,359.l.480773.t.3,359.p.24062
480773,2015,49,359.l.480773.t.10,359.p.24035
480773,2015,50,359.l.480773.t.4,359.p.5479
480773,2015,51,359.l.480773.t.4,359.p.27570
480773,2015,52,359.l.480773.t.10,359.p.27618
480773,2015,53,359.l.480773.t.3,359.p.25711
480773,2015,54,359.l.480773.t.7,359.p.9283
480773,2015,55,359.l.480773.t.5,359.p.6770
480773,2015,56,359.l.480773.t.9,359.p.7776
480773,2015,57,359.l.480773.t.6,359.p.28483
480773,2015,58,359.l.480773.t.2,359.p.6337
480773,2015,59,359.l.480773.t.8,359.p.8790
480773,2015,60,359.l.480773.t.1,359.p.26686
480773,2015,61,359.l.480773.t.1,359.p.27583
480773,2015,62,359.l.480773.t.8,359.p.25744
480773,2015,63,359.l.480773.t.2,359.p.7924
480773,2015,64,359.l.480773.t.6,359.p.5228
480773,2015,65,359.l.480773.t.9,359.p.25723
480773,2015,66,359.l.480773.t.5,359.p.27874
480773,2015,67,359.l.480773.t.7,359.p.28402
480773,2015,68,359.l.480773.t.3,359.p.27619
480773,2015,69,359.l.480773.t.10,359.p.9527
480773,2015,70,359.l.480773.t.4,359.p.28494
480773,2015,71,359.l.480773.t.4,359.p.6762
480773,2015,72,359.l.480773.t.10,359.p.28457
480773,2015,73,359.l.480773.t.3,359.p.25876
480773,2015,74,359.l.480773.t.7,359.p.26561
480773,2015,75,359.l.480773.t.5,359.p.24057
480773,2015,76,359.l.480773.t.9,359.p.27531
480773,2015,77,359.l.480773.t.6,359.p.7241
480773,2015,78,359.l.480773.t.2,359.p.28403
480773,2015,79,359.l.480773.t.8,359.p.9274
480773,2015,80,359.l.480773.t.1,359.p.6624
480773,2015,81,359.l.480773.t.1,359.p.28465
480773,2015,82,359.l.480773.t.8,359.p.6760
480773,2015,83,359.l.480773.t.2,359.p.8826
480773,2015,84,359.l.480773.t.6,359.p.29274
480773,2015,85,359.l.480773.t.9,359.p.23987
480773,2015,86,359.l.480773.t.5,359.p.100007
480773,2015,87,359.l.480773.t.7,359.p.24400
480773,2015,88,359.l.480773.t.3,359.p.28395
480773,2015,89,359.l.480773.t.10,359.p.26660
480773,2015,90,359.l.480773.t.4,359.p.28442
480773,2015,91,359.l.480773.t.4,359.p.24916
480773,2015,92,359.l.480773.t.10,359.p.9514
480773,2015,93,359.l.480773.t.3,359.p.28537
480773,2015,94,359.l.480773.t.7,359.p.9010
480773,2015,95,359.l.480773.t.5,359.p.27564
480773,2015,96,359.l.480773.t.9,359.p.100029
480773,2015,97,359.l.480773.t.6,359.p.24845
480773,2015,98,359.l.480773.t.2,359.p.26644
480773,2015,99,359.l.480773.t.8,359.p.28424
480773,2015,100,359.l.480773.t.1,359.p.9560
480773,2015,101,359.l.480773.t.1,359.p.28026
480773,2015,102,359.l.480773.t.8,359.p.100012
480773,2015,103,359.l.480773.t.2,359.p.5521
480773,2015,104,359.l.480773.t.6,359.p.26658
480773,2015,105,359.l.480773.t.9,359.p.26631
480773,2015,106,359.l.480773.t.5,359.p.29279
480773,2015,107,359.l.480773.t.7,359.p.100026
480773,2015,108,359.l.480773.t.3,359.p.8907
480773,2015,109,359.l.480773.t.10,359.p.7867
480773,2015,110,359.l.480773.t.4,359.p.25812
480773,2015,111,359.l.480773.t.4,359.p.100022
480773,2015,112,359.l.480773.t.10,359.p.25820
480773,2015,113,359.l.480773.t.3,359.p.100034
480773,2015,114,359.l.480773.t.7,359.p.9526
480773,2015,115,359.l.480773.t.5,359.p.29256
480773,2015,116,359.l.480773.t.9,359.p.26702
480773,2015,117,359.l.480773.t.6,359.p.27597
480773,2015,118,359.l.480773.t.2,359.p.100014
480773,2015,119,359.l.480773.t.8,359.p.29249
480773,2015,120,359.l.480773.t.1,359.p.100017
480773,2015,121,359.l.480773.t.1,359.p.9265
480773,2015,122,359.l.480773.t.8,359.p.6763
480773,2015,123,359.l.480773.t.2,359.p.9219
480773,2015,124,359.l.480773.t.6,359.p.24070
480773,2015,125,359.l.480773.t.9,359.p.9066
480773,2015,126,359.l.480773.t.5,359.p.8926
480773,2015,127,359.l.480773.t.7,359.p.24822
480773,2015,128,359.l.480773.t.3,359.p.28534
480773,2015,129,359.l.480773.t.10,359.p.6663
480773,2015,130,359.l.480773.t.4,359.p.25793
480773,2015,131,359.l.480773.t.4,359.p.27538
480773,2015,132,359.l.480773.t.10,359.p.24967
480773,2015,133,359.l.480773.t.3,359.p.28390
480773,2015,134,359.l.480773.t.7,359.p.7237
480773,2015,135,359.l.480773.t.5,359.p.29257
480773,2015,136,359.l.480773.t.9,359.p.28461
480773,2015,137,359.l.480773.t.6,359.p.28188
480773,2015,138,359.l.480773.t.2,359.p.6405
480773,2015,139,359.l.480773.t.8,359.p.26534
480773,2015,140,359.l.480773.t.1,359.p.7306
480773,2015,141,359.l.480773.t.1,359.p.8838
480773,2015,142,359.l.480773.t.8,359.p.25774
480773,2015,143,359.l.480773.t.2,359.p.8781
480773,2015,144,359.l.480773.t.6,359.p.100013
480773,2015,145,359.l.480773.t.9,359.p.25379
480773,2015,146,359.l.480773.t.5,359.p.25885
480773,2015,147,359.l.480773.t.7,359.p.9444
480773,2015,148,359.l.480773.t.3,359.p.28456
480773,2015,149,359.l.480773.t.10,359.p.28014
480773,2015,150,359.l.480773.t.4,359.p.6243
