Player,total,1,2,3,4,5,6,7,8,9,10,11,12,13,14,15,16,,,,1,2,3,4,5,6,7,8,9,10,11,12,13,
T. Brady NE - QB,438.57,31.13,28.27,30.11,30.11,27.66,30.32,29.09,31.54,0,27.66,27.04,30.11,29.29,28.07,27.04,31.13,,L. Bell Pit - RB,304.99,21.66,20.7,20.61,19.91,21.39,19.39,20.87,19.91,0,19.83,20.79,20.18,19.83,550.06
A. Rodgers GB - QB,422.66,29.3,25.29,29.1,30.1,25.09,26.9,29.3,0,29.3,28.9,29.1,25.09,29.1,30.1,27.09,28.9,,B. Powell NYJ - RB,192.42,12.31,12.43,13.19,13.54,13.43,12.31,12.43,12.6,13.26,12.49,0,13.08,12.9,346.39
D. Brees NO - QB,380.76,26.83,23.46,24.1,24.1,0,26.46,22.17,27.96,26.03,24.53,26.46,26.24,26.46,22.39,28.18,25.39,,T. Montgomery GB - RB,191.69,12.69,12.19,13.22,13.49,12.14,12.05,13.28,0,13.28,13.17,13.22,12.14,13.22,345.78
M. Ryan Atl - QB,355.16,26.54,23.39,23.02,25.25,0,24.88,20.06,25.06,22.84,22.84,21.35,24.88,24.5,25.06,23.02,22.47,,Total,,34.35,33.13,33.83,33.45,34.82,31.7,34.15,32.51,26.54,33,34.01,33.26,33.05,427.8
R. Wilson Sea - QB,339.61,20.06,25.4,21.62,23.34,23,0,20.93,23.51,23.69,21.45,21.97,23.51,23.34,22.31,25.58,19.9,,,,,,,,,,,,,,,,,
A. Luck Ind - QB,336.04,24.06,23.11,25.59,19.3,25.41,20.83,24.45,20.83,20.83,21.59,0,23.11,22.35,21.4,22.35,20.83,,D. Johnson Ari - RB,312.51,20.78,19.95,20.14,22.15,20.14,21.06,21.06,0,21.14,20.23,20.04,21.69,22.06,562.95
K. Cousins Was - QB,334.48,24.33,23.35,22.17,20.59,0,25.71,21.58,21.58,19.41,23.15,21.58,22.95,19.81,21.97,23.35,22.95,,B. Powell NYJ - RB,192.42,12.31,12.43,13.19,13.54,13.43,12.31,12.43,12.6,13.26,12.49,0,13.08,12.9,346.39
D. Prescott Dal - QB,333.77,21.37,20.82,21.49,25.03,21.84,0,23.69,21.66,23.01,20.49,23.18,24.19,23.18,21.16,20.82,21.84,,I. Crowell Cle - RB,174.09,11.49,11.27,11.27,11.93,12.31,11.27,11.76,11.54,0,11.38,11.99,11.38,11.54,313.22
M. Mariota Ten - QB,323.31,22.32,21.69,20.63,20.27,20.27,22.4,23.1,0,22.22,22.4,19.04,20.27,22.22,20.27,22.4,23.81,,,,33.09,32.38,33.33,35.69,33.57,33.37,33.49,24.14,34.4,32.72,32.03,34.77,34.96,427.94
M. Stafford Det - QB,318.09,23.17,20.17,20.72,20.17,22.02,20.35,0,20.72,18.5,24.42,21.64,22.2,20.17,20.17,23.5,20.17,,,,-1.26,-0.75,-0.5,2.24,-1.25,1.67,-0.66,-8.37,7.86,-0.28,-1.98,1.51,1.91,
D. Johnson Ari - RB,312.51,20.78,19.95,20.14,22.15,20.14,21.06,21.06,0,21.14,20.23,20.04,21.69,22.06,21.06,20.14,20.87,,,,,,,,,,,,,,,,,
C. Newton Car - QB,311.87,22.94,21.73,21.55,17.39,19.82,21.91,21.04,19.65,20.17,21.55,0,21.55,19.65,21.55,19.82,21.55,,,,,,,,,,,,,,,,,
D. Carr Oak - QB,305.57,23.82,22.4,19.83,18.8,21.03,22.23,20.52,20,19.15,0,18.97,20.52,20.52,18.46,19.49,19.83,,,,,,,,,,,,,,,,,
A. Dalton Cin - QB,305.08,19.88,20.94,17.76,21.47,21.47,0,17.76,21.29,20.23,19.17,19,23.24,19.88,22.53,19.17,21.29,,,,,,,,,,,,,,,,,
L. Bell Pit - RB,312.51,20.78,19.95,20.14,22.15,20.14,21.06,21.06,0,21.14,20.23,20.04,21.69,22.06,21.06,20.14,20.87,,,,,,,,,,,,,,,,,
B. Roethlisberger Pit - QB,304.93,24.14,20.91,20.74,19.46,22.19,18.49,21.23,19.46,0,19.3,21.07,19.94,19.3,20.91,18.49,19.3,,,,,,,,,,,,,,,,,
T. Taylor Buf - QB,297.49,21.34,19.36,20.84,18.04,19.36,0,21.01,20.02,21.01,21.17,19.86,18.53,18.21,21.01,21.01,16.72,,,,,,,,,,,,,,,,,
J. Winston TB - QB,293.27,19.73,22.29,18.62,20.64,18.62,18.62,19.17,20.64,19.17,22.66,0,17.34,17.15,20.83,19.17,18.62,,,,,,,,,,,,,,,,,
S. Bradford Min - QB,285.61,20.8,16.91,19.83,19.83,19.51,18.37,19.99,21.13,0,18.37,21.29,18.05,17.07,17.88,19.83,16.75,,,,,,,,,,,,,,,,,
J. Flacco Bal - QB,273.41,17.06,21.35,18.61,17.57,16.55,20.5,16.89,19.12,17.23,0,15.68,19.12,19.12,16.03,19.46,19.12,,,,,,,,,,,,,,,,,
E. Manning NYG - QB,271.18,17.4,18.8,17.4,16.88,20.2,16.71,17.75,0,20.72,19.33,18.45,17.4,16.71,17.4,18.98,17.05,,,,,,,,,,,,,,,,,
Jalen Collins Atl - CB,268.35,16.771875,16.771875,16.771875,16.771875,16.771875,16.771875,16.771875,16.771875,16.771875,16.771875,16.771875,16.771875,16.771875,16.771875,16.771875,16.771875,,,,,,,,,,,,,,,,,
P. Rivers LAC - QB,267.38,17,19.12,18.24,19.3,16.29,15.94,18.77,14.34,0,17.71,19.48,15.23,21.25,19.3,16.64,18.77,,,,,,,,,,,,,,,,,
C. Wentz Phi - QB,263.91,17.58,16.38,18.1,17.24,18.44,16.38,18.61,20.33,18.1,0,15.35,19.82,15.35,18.27,16.55,17.41,,,,,,,,,,,,,,,,,
B. Bortles Jax - QB,262.75,15.4,17.87,17.69,17.87,14.7,19.46,15.93,0,18.22,19.28,19.28,15.93,17.87,16.81,17.87,18.57,,,,,,,,,,,,,,,,,
A. Smith KC - QB,257.92,16.05,17.87,17.17,18.15,16.46,17.17,15.9,17.59,14.91,0,16.18,18.43,18.01,17.59,18.43,18.01,,,,,,,,,,,,,,,,,
C. Palmer Ari - QB,255.79,16.96,15.51,15.83,19.37,15.83,17.44,17.44,0,17.6,15.99,15.67,18.56,19.2,17.44,15.83,17.12,,,,,,,,,,,,,,,,,
J. Jones Atl - WR,246.79,18.69,15.55,15.42,18.22,0,18.08,14.35,18.15,15.35,15.35,14.81,18.08,15.95,18.15,15.42,15.22,,,,,,,,,,,,,,,,,
D. Freeman Atl - RB,234.95,16.71,15.56,15.43,16.24,0,16.1,14.34,16.17,15.35,15.35,14.81,16.1,15.97,16.17,15.43,15.22,,,,,,,,,,,,,,,,,
A. Brown Pit - WR,234.22,16.43,15.95,15.88,15.37,16.47,14.74,16.08,15.37,0,15.3,16.01,15.56,15.3,15.95,14.74,15.07,,,,,,,,,,,,,,,,,
M. Gordon LAC - RB,229.3,14.96,15.8,15.45,15.88,14.67,14.54,15.66,13.9,0,15.24,15.94,14.25,16.65,15.88,14.82,15.66,,,,,,,,,,,,,,,,,
O. Beckham Jr. NYG - WR,227.28,15.39,15.45,14.92,14.72,15.97,14.39,15.05,0,16.17,15.64,15.31,14.92,14.65,14.92,15.25,14.53,,,,,,,,,,,,,,,,,
D. Murray Ten - RB,226.62,15.17,15.17,14.78,14.65,14.65,15.44,15.7,0,15.37,15.44,14.18,14.65,15.37,14.65,15.44,15.96,,,,,,,,,,,,,,,,,
J. Ajayi Mia - RB,225.51,15.66,14.99,15.39,15.53,15.53,14.25,16.27,14.72,15.26,14.72,0,13.91,15.26,14.59,14.92,14.51,,,,,,,,,,,,,,,,,
M. Evans TB - WR,221.99,16.09,15.65,14.39,15.09,14.39,14.39,14.58,15.09,14.58,15.78,0,13.95,13.89,15.15,14.58,14.39,,,,,,,,,,,,,,,,,
L. McCoy Buf - RB,219.75,15.26,14.46,15.06,13.93,14.46,0,15.12,14.73,15.12,15.19,14.66,14.13,13.99,15.12,15.12,13.4,,,,,,,,,,,,,,,,,
D. Bryant Dal - WR,219.19,15.05,14.04,14.28,15.58,14.4,0,15.08,14.34,14.84,13.91,14.9,15.27,14.9,14.16,14.04,14.4,,,,,,,,,,,,,,,,,
J. Howard Chi - RB,219.09,14.98,14.18,14.38,13.85,14.85,14.18,14.91,14.31,0,14.25,14.98,14.31,15.64,14.25,14.31,15.71,,,,,,,,,,,,,,,,,
J. Nelson GB - WR,218.96,14.94,13.71,14.88,15.19,13.65,14.21,14.94,0,14.94,14.82,14.88,13.65,14.88,15.19,14.26,14.82,,,,,,,,,,,,,,,,,
A. Green Cin - WR,217.19,15.64,14.6,13.46,14.79,14.79,0,13.46,14.72,14.35,13.97,13.91,15.42,14.22,15.17,13.97,14.72,,,,,,,,,,,,,,,,,
D. Baldwin Sea - WR,209.79,13.55,14.89,13.61,14.19,14.07,0,13.38,14.25,14.31,13.55,13.73,14.25,14.19,13.84,14.95,13.03,,,,,,,,,,,,,,,,,
M. Thomas NO - WR,207.46,13.75,13.32,13.5,13.5,0,14.17,12.95,14.6,14.05,13.62,14.17,14.11,14.17,13.02,14.66,13.87,,,,,,,,,,,,,,,,,
D. Watson Hou - QB,206.97,0,14.09,12.15,15.48,14.92,17.28,0,12.56,15.48,15.48,15.34,13.81,13.95,17.14,14.92,14.37,,,,,,,,,,,,,,,,,
A. Cooper Oak - WR,203.38,14.11,14.29,13.42,13.08,13.82,14.22,13.65,13.48,13.19,0,13.13,13.65,13.65,12.96,13.31,13.42,,,,,,,,,,,,,,,,,
M. Glennon Chi - QB,202.54,14.33,12.56,13,11.82,14.04,12.56,14.18,12.85,0,12.7,14.33,12.85,15.81,12.7,12.85,15.96,,,,,,,,,,,,,,,,,
L. Fournette Jax - RB,200.75,12.65,13.51,13.45,13.51,12.41,14.05,12.83,0,13.63,13.99,13.99,12.83,13.51,13.14,13.51,13.74,,,,,,,,,,,,,,,,,
T. Gurley LAR - RB,199.66,13.92,13.73,13.8,12.41,13.23,13.55,13.61,0,12.92,13.61,13.04,13.73,12.92,13.8,12.29,13.1,,,,,,,,,,,,,,,,,
T. Hilton Ind - WR,196.36,13.49,13.32,14.06,12.19,14,12.53,13.72,12.65,12.65,12.88,0,13.32,13.1,12.82,13.1,12.53,,,,,,,,,,,,,,,,,
R. Gronkowski NE - TE,195.69,13.54,12.79,13.28,13.28,12.63,13.33,13.01,13.65,0,12.63,12.47,13.28,13.06,12.73,12.47,13.54,,,,,,,,,,,,,,,,,
E. Elliott Dal - RB,194.19,0,0,0,0,0,0,0,21.29,22.05,20.62,22.15,22.73,22.15,21,20.81,21.39,,,,,,,,,,,,,,,,,
C. McCaffrey Car - RB,192.92,11.98,13.29,13.23,11.85,12.65,13.34,13.06,12.59,12.77,13.23,0,13.23,12.59,13.23,12.65,13.23,,,,,,,,,,,,,,,,,
B. Powell NYJ - RB,192.42,12.31,12.43,13.19,13.54,13.43,12.31,12.43,12.6,13.26,12.49,0,13.08,12.9,12.36,12.66,13.43,,,,,,,,,,,,,,,,,
T. Montgomery GB - RB,191.69,12.69,12.19,13.22,13.49,12.14,12.05,13.28,0,13.28,13.17,13.22,12.14,13.22,12.91,12.1,12.59,,,,,,,,,,,,,,,,,
J. Graham Sea - TE,190.99,12.33,13.57,12.39,12.92,12.82,0,12.17,12.97,13.03,12.33,12.49,12.97,12.92,12.6,13.62,11.86,,,,,,,,,,,,,,,,,
D. Thomas Den - WR,190.22,12.86,12.64,12.53,12.86,0,12.97,12.64,12.31,12.53,12.31,13.03,12.31,12.53,13.64,12.53,12.53,,,,,,,,,,,,,,,,,
B. Cooks NE - WR,189.98,13.15,12.41,12.89,12.89,12.26,12.94,12.63,13.26,0,12.26,12.1,12.89,12.68,12.37,12.1,13.15,,,,,,,,,,,,,,,,,
J. Edelman NE - WR,189.11,12.84,12.42,12.89,12.89,12.27,12.64,12.63,13.24,0,12.27,12.12,12.89,12.68,12.37,12.12,12.84,,,,,,,,,,,,,,,,,
C. Kessler Cle - QB,184.09,12,11.48,11.48,13.03,13.93,11.48,12.64,12.13,0,11.74,13.16,11.74,12.13,11.48,12.9,12.77,,,,,,,,,,,,,,,,,
G. Tate Det - WR,183.71,12.94,11.94,12.1,11.94,12.47,12,0,12.1,11.47,13.15,12.37,12.52,11.94,11.94,12.89,11.94,,,,,,,,,,,,,,,,,
A. Jeffery Phi - WR,183,12.2,11.82,12.36,12.09,12.47,11.82,12.52,13.06,12.36,0,11.49,12.9,11.49,12.41,11.87,12.14,,,,,,,,,,,,,,,,,
C. Hyde SF - RB,182.6,12.72,11.35,13.01,11.81,11.81,11.92,11.86,11.98,12.44,12.32,0,11.98,12.38,11.81,12.49,12.72,,,,,,,,,,,,,,,,,
M. Crabtree Oak - WR,182.21,12.64,12.8,12.02,11.72,12.38,12.74,12.23,12.08,11.82,0,11.77,12.23,12.23,11.61,11.92,12.02,,,,,,,,,,,,,,,,,
T. Pryor Sr. Was - WR,181.96,12.7,12.42,12.1,11.66,0,13.07,11.93,11.93,11.33,12.37,11.93,12.31,11.44,12.04,12.42,12.31,,,,,,,,,,,,,,,,,
T. Hill KC - WR,180.95,12.46,12.22,12,12.3,11.78,12,11.61,12.13,11.3,0,11.7,12.4,12.26,12.13,12.4,12.26,,,,,,,,,,,,,,,,,
J. Cutler Mia - QB,180.91,13.33,11.97,12.79,13.06,13.06,10.47,14.56,11.42,12.52,11.42,0,9.79,12.52,11.15,11.83,11.02,,,,,,,,,,,,,,,,,
B. Hoyer SF - QB,176.68,13.04,9.89,13.7,10.94,10.94,11.2,11.07,11.33,12.38,12.12,0,11.33,12.25,10.94,12.51,13.04,,,,,,,,,,,,,,,,,
M. Bryant Pit - WR,176.14,0,12.87,12.81,12.38,13.29,12.06,12.97,12.38,0,12.33,12.92,12.54,12.33,12.87,12.06,12.33,,,,,,,,,,,,,,,,,
S. Ware KC - RB,175.62,11.29,11.95,11.7,12.06,11.44,11.7,11.23,11.85,10.88,0,11.33,12.16,12.01,11.85,12.16,12.01,,,,,,,,,,,,,,,,,
D. Hopkins Hou - WR,175.49,11.75,11.44,10.74,11.95,11.75,12.6,0,10.89,11.95,11.95,11.9,11.34,11.39,12.55,11.75,11.54,,,,,,,,,,,,,,,,,
L. Miller Hou - RB,175.31,11.74,11.42,10.7,11.94,11.74,12.62,0,10.85,11.94,11.94,11.89,11.32,11.37,12.57,11.74,11.53,,,,,,,,,,,,,,,,,
T. Austin LAR - WR,175.14,12.18,12.03,12.07,10.94,11.62,11.87,11.92,0,11.35,11.92,11.46,12.03,11.35,12.07,10.83,11.5,,,,,,,,,,,,,,,,,
J. Reed Was - TE,175.11,12.22,11.96,11.64,11.22,0,12.58,11.48,11.48,10.9,11.9,11.48,11.85,11.01,11.58,11.96,11.85,,,,,,,,,,,,,,,,,
A. Robinson Jax - WR,174.28,10.99,11.72,11.67,11.72,10.79,12.19,11.15,0,11.83,12.14,12.14,11.15,11.72,11.42,11.72,11.93,,,,,,,,,,,,,,,,,
I. Crowell Cle - RB,174.09,11.49,11.27,11.27,11.93,12.31,11.27,11.76,11.54,0,11.38,11.99,11.38,11.54,11.27,11.87,11.82,,,,,,,,,,,,,,,,,
Luke Kuechly Car - LB,174.09,10.880625,10.880625,10.880625,10.880625,10.880625,10.880625,10.880625,10.880625,10.880625,10.880625,10.880625,10.880625,10.880625,10.880625,10.880625,10.880625,,,,,,,,,,,,,,,,,
P. Perkins NYG - RB,173.98,11.4,11.81,11.4,11.24,12.23,11.19,11.5,0,12.39,11.97,11.71,11.4,11.19,11.4,11.86,11.29,,,,,,,,,,,,,,,,,
J. Landry Mia - WR,173.34,12.01,11.52,11.82,11.91,11.91,10.98,12.46,11.33,11.72,11.33,0,10.74,11.72,11.23,11.48,11.18,,,,,,,,,,,,,,,,,
Alec Ogletree LAR - LB,172.99,10.811875,10.811875,10.811875,10.811875,10.811875,10.811875,10.811875,10.811875,10.811875,10.811875,10.811875,10.811875,10.811875,10.811875,10.811875,10.811875,,,,,,,,,,,,,,,,,
Landon Collins NYG - S,171.83,10.739375,10.739375,10.739375,10.739375,10.739375,10.739375,10.739375,10.739375,10.739375,10.739375,10.739375,10.739375,10.739375,10.739375,10.739375,10.739375,,,,,,,,,,,,,,,,,
G. Olsen Car - TE,169.05,11.89,11.54,11.49,10.29,10.99,11.59,11.34,10.94,11.09,11.49,0,11.49,10.94,11.49,10.99,11.49,,,,,,,,,,,,,,,,,
K. Benjamin Car - WR,168.94,11.87,11.53,11.48,10.3,10.98,11.58,11.33,10.94,11.09,11.48,0,11.48,10.94,11.48,10.98,11.48,,,,,,,,,,,,,,,,,
M. Lynch Oak - RB,168,11.67,11.82,11.08,10.79,11.43,11.77,11.28,11.13,10.88,0,10.84,11.28,11.28,10.69,10.98,11.08,,,,,,,,,,,,,,,,,
D. Johnson Jr. Cle - RB,167.72,10.8,11,11,11.61,11.97,10.6,11.46,11.26,0,11.11,11.67,11.11,11.26,10.6,11.16,11.11,,,,,,,,,,,,,,,,,
D. Jackson TB - WR,166.55,11.15,11.85,10.85,11.4,10.85,10.85,11,11.4,11,11.95,0,10.5,10.45,11.45,11,10.85,,,,,,,,,,,,,,,,,
D. Adams GB - WR,166.47,11.36,10.41,11.32,11.55,10.37,10.8,11.36,0,11.36,11.27,11.32,10.37,11.32,11.55,10.84,11.27,,,,,,,,,,,,,,,,,
J. Mixon Cin - RB,166,10.375,10.375,10.375,10.375,10.375,10.375,10.375,10.375,10.375,10.375,10.375,10.375,10.375,10.375,10.375,10.375,,,,,,,,,,,,,,,,,
T. Coleman Atl - RB,165.35,10.65,11.02,10.94,11.5,0,11.41,10.18,11.46,10.89,10.89,10.5,11.41,11.31,11.46,10.94,10.79,,,,,,,,,,,,,,,,,
T. Lockett Sea - WR,165.28,10.72,11.63,10.76,11.16,11.08,0,10.6,11.2,11.24,10.72,10.84,11.2,11.16,10.92,11.68,10.37,,,,,,,,,,,,,,,,,
M. Ingram NO - RB,164.34,10.89,10.54,10.69,10.69,0,11.23,10.25,11.58,11.13,10.79,11.23,11.18,11.23,10.3,11.62,10.99,,,,,,,,,,,,,,,,,
Telvin Smith Jax - LB,164.25,10.265625,10.265625,10.265625,10.265625,10.265625,10.265625,10.265625,10.265625,10.265625,10.265625,10.265625,10.265625,10.265625,10.265625,10.265625,10.265625,,,,,,,,,,,,,,,,,
W. Snead NO - WR,163.78,10.85,10.51,10.66,10.66,0,11.19,10.22,11.52,11.09,10.75,11.19,11.14,11.19,10.28,11.58,10.95,,,,,,,,,,,,,,,,,
Lavonte David TB - LB,162.9,10.18125,10.18125,10.18125,10.18125,10.18125,10.18125,10.18125,10.18125,10.18125,10.18125,10.18125,10.18125,10.18125,10.18125,10.18125,10.18125,,,,,,,,,,,,,,,,,
Bobby Wagner Sea - LB,162.23,10.139375,10.139375,10.139375,10.139375,10.139375,10.139375,10.139375,10.139375,10.139375,10.139375,10.139375,10.139375,10.139375,10.139375,10.139375,10.139375,,,,,,,,,,,,,,,,,
E. Sanders Den - WR,161.26,10.9,10.72,10.63,10.9,0,10.99,10.72,10.44,10.63,10.44,11.03,10.44,10.63,11.53,10.63,10.63,,,,,,,,,,,,,,,,,
Benardrick McKinney Hou - LB,161.19,10.074375,10.074375,10.074375,10.074375,10.074375,10.074375,10.074375,10.074375,10.074375,10.074375,10.074375,10.074375,10.074375,10.074375,10.074375,10.074375,,,,,,,,,,,,,,,,,
S. Diggs Min - WR,160.78,11.23,10.1,10.95,10.95,10.85,10.52,11,11.32,0,10.52,11.37,10.43,10.15,10.38,10.95,10.06,,,,,,,,,,,,,,,,,
J. Crowder Was - WR,160.6,11.18,10.95,10.67,10.31,0,11.5,10.54,10.54,10.04,10.9,10.54,10.86,10.13,10.63,10.95,10.86,,,,,,,,,,,,,,,,,
D. Moncrief Ind - WR,160.22,11.09,10.85,11.46,9.92,11.41,10.3,11.18,10.3,10.3,10.48,0,10.85,10.67,10.44,10.67,10.3,,,,,,,,,,,,,,,,,
C. Anderson Den - RB,159.57,10.79,10.6,10.51,10.79,0,10.89,10.6,10.32,10.51,10.32,10.93,10.32,10.51,11.46,10.51,10.51,,,,,,,,,,,,,,,,,
D. Cook Min - RB,159.41,9.963125,9.963125,9.963125,9.963125,9.963125,9.963125,9.963125,9.963125,9.963125,9.963125,9.963125,9.963125,9.963125,9.963125,9.963125,9.963125,,,,,,,,,,,,,,,,,
M. Wallace Bal - WR,159.14,10.29,11.47,10.71,10.43,10.14,11.23,10.24,10.86,10.33,0,9.91,10.86,10.86,10,10.95,10.86,,,,,,,,,,,,,,,,,
T. Williams LAC - WR,159,10.38,10.95,10.71,11,10.19,10.09,10.85,9.66,0,10.57,11.05,9.9,11.52,11,10.28,10.85,,,,,,,,,,,,,,,,,
T. Kelce KC - TE,158.99,12.89,10.63,10.4,10.72,10.17,10.4,9.98,10.54,9.65,0,10.07,10.82,10.68,10.54,10.82,10.68,,,,,,,,,,,,,,,,,
Ryan Shazier Pit - LB,158.97,9.935625,9.935625,9.935625,9.935625,9.935625,9.935625,9.935625,9.935625,9.935625,9.935625,9.935625,9.935625,9.935625,9.935625,9.935625,9.935625,,,,,,,,,,,,,,,,,
E. Lacy Sea - RB,158.3,10.21,11.28,10.25,10.72,10.62,0,10.07,10.76,10.81,10.21,10.34,10.76,10.72,10.44,11.33,9.78,,,,,,,,,,,,,,,,,
Kwon Alexander TB - LB,157.94,9.87125,9.87125,9.87125,9.87125,9.87125,9.87125,9.87125,9.87125,9.87125,9.87125,9.87125,9.87125,9.87125,9.87125,9.87125,9.87125,,,,,,,,,,,,,,,,,
S. Vereen NYG - RB,157.69,9.855625,9.855625,9.855625,9.855625,9.855625,9.855625,9.855625,9.855625,9.855625,9.855625,9.855625,9.855625,9.855625,9.855625,9.855625,9.855625,,,,,,,,,,,,,,,,,
T. Riddick Det - RB,156.11,9.756875,9.756875,9.756875,9.756875,9.756875,9.756875,9.756875,9.756875,9.756875,9.756875,9.756875,9.756875,9.756875,9.756875,9.756875,9.756875,,,,,,,,,,,,,,,,,
D. Parker Mia - WR,155.81,10.81,10.36,10.63,10.72,10.72,9.85,11.23,10.18,10.54,10.18,0,9.62,10.54,10.08,10.31,10.04,,,,,,,,,,,,,,,,,
R. Cobb GB - WR,155.78,10.63,9.75,10.59,10.81,9.71,10.1,10.63,0,10.63,10.54,10.59,9.71,10.59,10.81,10.15,10.54,,,,,,,,,,,,,,,,,
M. Bennett GB - TE,153.95,10.51,9.64,10.46,10.68,9.59,9.99,10.51,0,10.51,10.42,10.46,9.59,10.46,10.68,10.03,10.42,,,,,,,,,,,,,,,,,
Jamie Collins Sr. Cle - LB,153.9,9.61875,9.61875,9.61875,9.61875,9.61875,9.61875,9.61875,9.61875,9.61875,9.61875,9.61875,9.61875,9.61875,9.61875,9.61875,9.61875,,,,,,,,,,,,,,,,,
R. Matthews Ten - WR,153.78,10.8,10.26,9.99,9.9,9.9,10.44,10.62,0,10.4,10.44,9.59,9.9,10.4,9.9,10.44,10.8,,,,,,,,,,,,,,,,,
S. Perine Was - RB,153.76,9.61,9.61,9.61,9.61,9.61,9.61,9.61,9.61,9.61,9.61,9.61,9.61,9.61,9.61,9.61,9.61,,,,,,,,,,,,,,,,,
L. Fitzgerald Ari - WR,153.68,10.22,9.83,9.91,10.88,9.91,10.35,10.35,0,10.39,9.96,9.87,10.66,10.83,10.35,9.91,10.26,,,,,,,,,,,,,,,,,
Zach Brown Was - LB,153.16,9.5725,9.5725,9.5725,9.5725,9.5725,9.5725,9.5725,9.5725,9.5725,9.5725,9.5725,9.5725,9.5725,9.5725,9.5725,9.5725,,,,,,,,,,,,,,,,,
A. Peterson NO - RB,152.95,9.559375,9.559375,9.559375,9.559375,9.559375,9.559375,9.559375,9.559375,9.559375,9.559375,9.559375,9.559375,9.559375,9.559375,9.559375,9.559375,,,,,,,,,,,,,,,,,
M. Gillislee NE - RB,152.52,9.5325,9.5325,9.5325,9.5325,9.5325,9.5325,9.5325,9.5325,9.5325,9.5325,9.5325,9.5325,9.5325,9.5325,9.5325,9.5325,,,,,,,,,,,,,,,,,
Sean Lee Dal - LB,152.39,9.524375,9.524375,9.524375,9.524375,9.524375,9.524375,9.524375,9.524375,9.524375,9.524375,9.524375,9.524375,9.524375,9.524375,9.524375,9.524375,,,,,,,,,,,,,,,,,
J. Brown Ari - WR,152.35,10.13,9.74,9.82,10.79,9.82,10.26,10.26,0,10.31,9.87,9.78,10.57,10.75,10.26,9.82,10.17,,,,,,,,,,,,,,,,,
J. Goff LAR - QB,149.5,11.3,10.89,11.03,8,9.79,10.48,10.62,0,9.11,10.62,9.38,10.89,9.11,11.03,7.73,9.52,,,,,,,,,,,,,,,,,
B. Marshall NYG - WR,148.92,9.76,10.1,9.76,9.63,10.45,9.59,9.85,0,10.58,10.24,10.02,9.76,9.59,9.76,10.15,9.68,,,,,,,,,,,,,,,,,
A. Thielen Min - WR,148.71,10.39,9.35,10.12,10.12,10.04,9.73,10.17,10.47,0,9.73,10.52,9.65,9.39,9.61,10.12,9.3,,,,,,,,,,,,,,,,,
D. Martin TB - RB,148.17,9.260625,9.260625,9.260625,9.260625,9.260625,9.260625,9.260625,9.260625,9.260625,9.260625,9.260625,9.260625,9.260625,9.260625,9.260625,9.260625,,,,,,,,,,,,,,,,,
C.J. Mosley Bal - LB,146.96,9.185,9.185,9.185,9.185,9.185,9.185,9.185,9.185,9.185,9.185,9.185,9.185,9.185,9.185,9.185,9.185,,,,,,,,,,,,,,,,,
Eric Kendricks Min - LB,146.67,9.166875,9.166875,9.166875,9.166875,9.166875,9.166875,9.166875,9.166875,9.166875,9.166875,9.166875,9.166875,9.166875,9.166875,9.166875,9.166875,,,,,,,,,,,,,,,,,
Deion Jones Atl - LB,145.85,9.115625,9.115625,9.115625,9.115625,9.115625,9.115625,9.115625,9.115625,9.115625,9.115625,9.115625,9.115625,9.115625,9.115625,9.115625,9.115625,,,,,,,,,,,,,,,,,
K. Allen LAC - WR,145.39,9.49,10.01,9.79,10.06,9.32,9.23,9.92,8.84,0,9.66,10.1,9.05,10.54,10.06,9.4,9.92,,,,,,,,,,,,,,,,,
C. Meredith Chi - WR,145.29,9.93,9.4,9.54,9.19,9.85,9.4,9.89,9.49,0,9.45,9.93,9.49,10.37,9.45,9.49,10.42,,,,,,,,,,,,,,,,,
K. Rudolph Min - TE,145.29,10.15,9.13,9.89,9.89,9.81,9.51,9.94,10.23,0,9.51,10.27,9.43,9.17,9.38,9.89,9.09,,,,,,,,,,,,,,,,,
J. White NE - RB,145.26,9.07875,9.07875,9.07875,9.07875,9.07875,9.07875,9.07875,9.07875,9.07875,9.07875,9.07875,9.07875,9.07875,9.07875,9.07875,9.07875,,,,,,,,,,,,,,,,,
M. Jones Jr. Det - WR,144.36,9.0225,9.0225,9.0225,9.0225,9.0225,9.0225,9.0225,9.0225,9.0225,9.0225,9.0225,9.0225,9.0225,9.0225,9.0225,9.0225,,,,,,,,,,,,,,,,,
B. Perriman Bal - WR,144.34,9.02125,9.02125,9.02125,9.02125,9.02125,9.02125,9.02125,9.02125,9.02125,9.02125,9.02125,9.02125,9.02125,9.02125,9.02125,9.02125,,,,,,,,,,,,,,,,,
Reshad Jones Mia - S,144.22,9.01375,9.01375,9.01375,9.01375,9.01375,9.01375,9.01375,9.01375,9.01375,9.01375,9.01375,9.01375,9.01375,9.01375,9.01375,9.01375,,,,,,,,,,,,,,,,,
E. Decker Ten - WR,143.83,8.989375,8.989375,8.989375,8.989375,8.989375,8.989375,8.989375,8.989375,8.989375,8.989375,8.989375,8.989375,8.989375,8.989375,8.989375,8.989375,,,,,,,,,,,,,,,,,
R. Woods LAR - WR,143.16,10.24,9.82,9.86,8.9,9.47,9.69,9.73,0,9.25,9.73,9.34,9.82,9.25,9.86,8.81,9.39,,,,,,,,,,,,,,,,,
Von Miller Den - LB,142.95,8.934375,8.934375,8.934375,8.934375,8.934375,8.934375,8.934375,8.934375,8.934375,8.934375,8.934375,8.934375,8.934375,8.934375,8.934375,8.934375,,,,,,,,,,,,,,,,,
M. Lee Jax - WR,142.84,8.9275,8.9275,8.9275,8.9275,8.9275,8.9275,8.9275,8.9275,8.9275,8.9275,8.9275,8.9275,8.9275,8.9275,8.9275,8.9275,,,,,,,,,,,,,,,,,
C. Coleman Cle - WR,142.55,8.909375,8.909375,8.909375,8.909375,8.909375,8.909375,8.909375,8.909375,8.909375,8.909375,8.909375,8.909375,8.909375,8.909375,8.909375,8.909375,,,,,,,,,,,,,,,,,
Vontaze Burfict Cin - LB,141.86,8.86625,8.86625,8.86625,8.86625,8.86625,8.86625,8.86625,8.86625,8.86625,8.86625,8.86625,8.86625,8.86625,8.86625,8.86625,8.86625,,,,,,,,,,,,,,,,,
D. Sproles Phi - RB,141.66,8.85375,8.85375,8.85375,8.85375,8.85375,8.85375,8.85375,8.85375,8.85375,8.85375,8.85375,8.85375,8.85375,8.85375,8.85375,8.85375,,,,,,,,,,,,,,,,,
S. Shepard NYG - WR,141.42,8.83875,8.83875,8.83875,8.83875,8.83875,8.83875,8.83875,8.83875,8.83875,8.83875,8.83875,8.83875,8.83875,8.83875,8.83875,8.83875,,,,,,,,,,,,,,,,,
K. Britt Cle - WR,141.29,9.32,9.15,9.15,9.68,9.98,9.15,9.55,9.37,0,9.24,9.72,9.24,9.37,9.15,9.63,9.59,,,,,,,,,,,,,,,,,
Mark Barron LAR - LB,140.98,8.81125,8.81125,8.81125,8.81125,8.81125,8.81125,8.81125,8.81125,8.81125,8.81125,8.81125,8.81125,8.81125,8.81125,8.81125,8.81125,,,,,,,,,,,,,,,,,
L. Murray Min - RB,140.74,8.79625,8.79625,8.79625,8.79625,8.79625,8.79625,8.79625,8.79625,8.79625,8.79625,8.79625,8.79625,8.79625,8.79625,8.79625,8.79625,,,,,,,,,,,,,,,,,
Harrison Smith Min - S,140.65,8.790625,8.790625,8.790625,8.790625,8.790625,8.790625,8.790625,8.790625,8.790625,8.790625,8.790625,8.790625,8.790625,8.790625,8.790625,8.790625,,,,,,,,,,,,,,,,,
C. Thompson Was - RB,140.55,8.784375,8.784375,8.784375,8.784375,8.784375,8.784375,8.784375,8.784375,8.784375,8.784375,8.784375,8.784375,8.784375,8.784375,8.784375,8.784375,,,,,,,,,,,,,,,,,
S. Watkins LAR - WR,140.33,10.48,10.35,10.39,9.37,9.98,0,10.26,0,9.74,10.26,9.84,10.35,9.74,10.39,9.29,9.89,,,,,,,,,,,,,,,,,
A. Abdullah Det - RB,140.07,8.754375,8.754375,8.754375,8.754375,8.754375,8.754375,8.754375,8.754375,8.754375,8.754375,8.754375,8.754375,8.754375,8.754375,8.754375,8.754375,,,,,,,,,,,,,,,,,
J. Matthews Buf - WR,139.97,8.748125,8.748125,8.748125,8.748125,8.748125,8.748125,8.748125,8.748125,8.748125,8.748125,8.748125,8.748125,8.748125,8.748125,8.748125,8.748125,,,,,,,,,,,,,,,,,
T. Gabriel Atl - WR,139.86,9.94,9.26,9.18,9.66,0,9.59,8.55,9.62,9.14,9.14,8.83,9.59,9.5,9.62,9.18,9.06,,,,,,,,,,,,,,,,,
L. Blount Phi - RB,139.82,8.73875,8.73875,8.73875,8.73875,8.73875,8.73875,8.73875,8.73875,8.73875,8.73875,8.73875,8.73875,8.73875,8.73875,8.73875,8.73875,,,,,,,,,,,,,,,,,
H. Henry LAC - TE,139.73,9.12,9.62,9.41,9.66,8.95,8.87,9.54,8.49,0,9.29,9.71,8.7,10.13,9.66,9.04,9.54,,,,,,,,,,,,,,,,,
C. Beasley Dal - WR,139.67,8.729375,8.729375,8.729375,8.729375,8.729375,8.729375,8.729375,8.729375,8.729375,8.729375,8.729375,8.729375,8.729375,8.729375,8.729375,8.729375,,,,,,,,,,,,,,,,,
Kiko Alonso Mia - LB,139.23,8.701875,8.701875,8.701875,8.701875,8.701875,8.701875,8.701875,8.701875,8.701875,8.701875,8.701875,8.701875,8.701875,8.701875,8.701875,8.701875,,,,,,,,,,,,,,,,,
T. Ginn Jr. NO - WR,139.2,9.22,8.96,9.07,9.07,0,9.5,8.72,9.77,9.42,9.15,9.5,9.46,9.5,8.76,9.8,9.3,,,,,,,,,,,,,,,,,
Keanu Neal Atl - S,138.62,8.66375,8.66375,8.66375,8.66375,8.66375,8.66375,8.66375,8.66375,8.66375,8.66375,8.66375,8.66375,8.66375,8.66375,8.66375,8.66375,,,,,,,,,,,,,,,,,
Jatavis Brown LAC - LB,138.42,8.65125,8.65125,8.65125,8.65125,8.65125,8.65125,8.65125,8.65125,8.65125,8.65125,8.65125,8.65125,8.65125,8.65125,8.65125,8.65125,,,,,,,,,,,,,,,,,
T. Siemian Den - QB,138.34,9.53,9.15,8.97,9.53,0,9.71,9.15,8.6,8.97,8.6,9.8,8.6,8.97,10.82,8.97,8.97,,,,,,,,,,,,,,,,,
P. Garcon SF - WR,136.26,9.48,8.48,9.7,8.82,8.82,8.9,8.86,8.94,9.28,9.19,0,8.94,9.23,8.82,9.32,9.48,,,,,,,,,,,,,,,,,
J.J. Watt Hou - DE,135.6,8.475,8.475,8.475,8.475,8.475,8.475,8.475,8.475,8.475,8.475,8.475,8.475,8.475,8.475,8.475,8.475,,,,,,,,,,,,,,,,,
C. Prosise Sea - RB,133.94,8.37125,8.37125,8.37125,8.37125,8.37125,8.37125,8.37125,8.37125,8.37125,8.37125,8.37125,8.37125,8.37125,8.37125,8.37125,8.37125,,,,,,,,,,,,,,,,,
K. Stills Mia - WR,133.17,8.323125,8.323125,8.323125,8.323125,8.323125,8.323125,8.323125,8.323125,8.323125,8.323125,8.323125,8.323125,8.323125,8.323125,8.323125,8.323125,,,,,,,,,,,,,,,,,
J. Richard Oak - RB,133.15,8.321875,8.321875,8.321875,8.321875,8.321875,8.321875,8.321875,8.321875,8.321875,8.321875,8.321875,8.321875,8.321875,8.321875,8.321875,8.321875,,,,,,,,,,,,,,,,,
Justin Houston KC - LB,132.74,8.29625,8.29625,8.29625,8.29625,8.29625,8.29625,8.29625,8.29625,8.29625,8.29625,8.29625,8.29625,8.29625,8.29625,8.29625,8.29625,,,,,,,,,,,,,,,,,
J. Doctson Was - WR,132.69,8.293125,8.293125,8.293125,8.293125,8.293125,8.293125,8.293125,8.293125,8.293125,8.293125,8.293125,8.293125,8.293125,8.293125,8.293125,8.293125,,,,,,,,,,,,,,,,,
T. Eifert Cin - TE,131.72,8.68,8.92,8.21,9.03,9.03,0,8.21,8.99,8.76,8.52,8.49,9.42,8.68,9.27,8.52,8.99,,,,,,,,,,,,,,,,,
D. Walker Ten - TE,131.53,10.66,8.67,8.44,8.37,8.37,8.83,8.98,0,8.79,8.83,8.09,8.37,8.79,8.37,8.83,9.14,,,,,,,,,,,,,,,,,
Adam Vinatieri Ind - K,131.04,9.09,8.88,9.4,8.09,9.36,8.41,9.16,8.41,8.41,8.57,0,8.88,8.72,8.53,8.72,8.41,,,,,,,,,,,,,,,,,
D. Henry Ten - RB,130.5,8.15625,8.15625,8.15625,8.15625,8.15625,8.15625,8.15625,8.15625,8.15625,8.15625,8.15625,8.15625,8.15625,8.15625,8.15625,8.15625,,,,,,,,,,,,,,,,,
Lawrence Timmons Mia - LB,130.31,8.144375,8.144375,8.144375,8.144375,8.144375,8.144375,8.144375,8.144375,8.144375,8.144375,8.144375,8.144375,8.144375,8.144375,8.144375,8.144375,,,,,,,,,,,,,,,,,
Johnathan Cyprien Ten - S,129.97,8.123125,8.123125,8.123125,8.123125,8.123125,8.123125,8.123125,8.123125,8.123125,8.123125,8.123125,8.123125,8.123125,8.123125,8.123125,8.123125,,,,,,,,,,,,,,,,,
Justin Tucker Bal - K,129.9,8.4,9.36,8.74,8.52,8.28,9.17,8.36,8.86,8.43,0,8.09,8.86,8.86,8.17,8.94,8.86,,,,,,,,,,,,,,,,,
Su'a Cravens Was - S,129.29,8.080625,8.080625,8.080625,8.080625,8.080625,8.080625,8.080625,8.080625,8.080625,8.080625,8.080625,8.080625,8.080625,8.080625,8.080625,8.080625,,,,,,,,,,,,,,,,,
Tyrann Mathieu Ari - S,128.86,8.05375,8.05375,8.05375,8.05375,8.05375,8.05375,8.05375,8.05375,8.05375,8.05375,8.05375,8.05375,8.05375,8.05375,8.05375,8.05375,,,,,,,,,,,,,,,,,
Christian Kirksey Cle - LB,128.81,8.050625,8.050625,8.050625,8.050625,8.050625,8.050625,8.050625,8.050625,8.050625,8.050625,8.050625,8.050625,8.050625,8.050625,8.050625,8.050625,,,,,,,,,,,,,,,,,
W. Fuller V Hou - WR,128.74,8.04625,8.04625,8.04625,8.04625,8.04625,8.04625,8.04625,8.04625,8.04625,8.04625,8.04625,8.04625,8.04625,8.04625,8.04625,8.04625,,,,,,,,,,,,,,,,,
Z. Ertz Phi - TE,128.37,8.56,8.29,8.67,8.48,8.74,8.29,8.78,9.16,8.67,0,8.06,9.05,8.06,8.71,8.33,8.52,,,,,,,,,,,,,,,,,
Marcus Peters KC - CB,127.17,7.948125,7.948125,7.948125,7.948125,7.948125,7.948125,7.948125,7.948125,7.948125,7.948125,7.948125,7.948125,7.948125,7.948125,7.948125,7.948125,,,,,,,,,,,,,,,,,
Derrick Johnson KC - LB,127.15,7.946875,7.946875,7.946875,7.946875,7.946875,7.946875,7.946875,7.946875,7.946875,7.946875,7.946875,7.946875,7.946875,7.946875,7.946875,7.946875,,,,,,,,,,,,,,,,,
C. Samuel Car - WR,127.05,7.940625,7.940625,7.940625,7.940625,7.940625,7.940625,7.940625,7.940625,7.940625,7.940625,7.940625,7.940625,7.940625,7.940625,7.940625,7.940625,,,,,,,,,,,,,,,,,
Dan Bailey Dal - K,126.99,8.9,8.12,8.26,9.01,8.33,0,8.73,8.3,8.58,8.05,8.62,8.83,8.62,8.19,8.12,8.33,,,,,,,,,,,,,,,,,
J. Maclin Bal - WR,126.92,7.9325,7.9325,7.9325,7.9325,7.9325,7.9325,7.9325,7.9325,7.9325,7.9325,7.9325,7.9325,7.9325,7.9325,7.9325,7.9325,,,,,,,,,,,,,,,,,
J. Doyle Ind - TE,126.51,8.76,8.57,9.05,7.84,9.01,8.13,8.83,8.13,8.13,8.28,0,8.57,8.42,8.24,8.42,8.13,,,,,,,,,,,,,,,,,
G. Bernard Cin - RB,126.43,7.901875,7.901875,7.901875,7.901875,7.901875,7.901875,7.901875,7.901875,7.901875,7.901875,7.901875,7.901875,7.901875,7.901875,7.901875,7.901875,,,,,,,,,,,,,,,,,
Craig Robertson NO - LB,126.21,7.888125,7.888125,7.888125,7.888125,7.888125,7.888125,7.888125,7.888125,7.888125,7.888125,7.888125,7.888125,7.888125,7.888125,7.888125,7.888125,,,,,,,,,,,,,,,,,
K. White Chi - WR,126.12,7.8825,7.8825,7.8825,7.8825,7.8825,7.8825,7.8825,7.8825,7.8825,7.8825,7.8825,7.8825,7.8825,7.8825,7.8825,7.8825,,,,,,,,,,,,,,,,,
Vic Beasley Jr. Atl - LB,125.79,7.861875,7.861875,7.861875,7.861875,7.861875,7.861875,7.861875,7.861875,7.861875,7.861875,7.861875,7.861875,7.861875,7.861875,7.861875,7.861875,,,,,,,,,,,,,,,,,
C. Davis Ten - WR,125.7,7.85625,7.85625,7.85625,7.85625,7.85625,7.85625,7.85625,7.85625,7.85625,7.85625,7.85625,7.85625,7.85625,7.85625,7.85625,7.85625,,,,,,,,,,,,,,,,,
Preston Brown Buf - LB,125.33,7.833125,7.833125,7.833125,7.833125,7.833125,7.833125,7.833125,7.833125,7.833125,7.833125,7.833125,7.833125,7.833125,7.833125,7.833125,7.833125,,,,,,,,,,,,,,,,,
Deone Bucannon Ari - LB,125.03,7.814375,7.814375,7.814375,7.814375,7.814375,7.814375,7.814375,7.814375,7.814375,7.814375,7.814375,7.814375,7.814375,7.814375,7.814375,7.814375,,,,,,,,,,,,,,,,,
Chris Boswell Pit - K,124.31,8.85,8.44,8.41,8.11,8.74,7.89,8.52,8.11,0,8.07,8.48,8.22,8.07,8.44,7.89,8.07,,,,,,,,,,,,,,,,,
B. LaFell Cin - WR,124.31,7.769375,7.769375,7.769375,7.769375,7.769375,7.769375,7.769375,7.769375,7.769375,7.769375,7.769375,7.769375,7.769375,7.769375,7.769375,7.769375,,,,,,,,,,,,,,,,,
Ryan Succop Ten - K,124.23,8.74,8.29,8.07,7.99,7.99,8.44,8.59,0,8.4,8.44,7.72,7.99,8.4,7.99,8.44,8.74,,,,,,,,,,,,,,,,,
J. Thomas Mia - TE,124.06,7.95,8.29,8.52,8.59,8.59,7.88,9.01,8.15,8.45,8.15,0,7.69,8.45,8.06,8.25,8.03,,,,,,,,,,,,,,,,,
Matt Bryant Atl - K,123.61,8.81,8.18,8.11,8.55,0,8.48,7.52,8.52,8.07,8.07,7.78,8.48,8.41,8.52,8.11,8,,,,,,,,,,,,,,,,,
Atlanta Atl - DEF,123.58,5.42,6.61,6.55,11.13,0,11.07,6.13,11.1,6.52,6.52,6.31,11.07,11.02,11.1,6.55,6.48,,,,,,,,,,,,,,,,,
Z. Jones Buf - WR,123.51,7.719375,7.719375,7.719375,7.719375,7.719375,7.719375,7.719375,7.719375,7.719375,7.719375,7.719375,7.719375,7.719375,7.719375,7.719375,7.719375,,,,,,,,,,,,,,,,,
Avery Williamson Ten - LB,123.42,7.71375,7.71375,7.71375,7.71375,7.71375,7.71375,7.71375,7.71375,7.71375,7.71375,7.71375,7.71375,7.71375,7.71375,7.71375,7.71375,,,,,,,,,,,,,,,,,
T. Smith Phi - WR,123.37,7.710625,7.710625,7.710625,7.710625,7.710625,7.710625,7.710625,7.710625,7.710625,7.710625,7.710625,7.710625,7.710625,7.710625,7.710625,7.710625,,,,,,,,,,,,,,,,,
Mason Crosby GB - K,123.14,8.41,7.68,8.38,8.56,7.65,7.98,8.41,0,8.41,8.34,8.38,7.65,8.38,8.56,8.01,8.34,,,,,,,,,,,,,,,,,
Ha Ha Clinton-Dix GB - S,122.57,7.660625,7.660625,7.660625,7.660625,7.660625,7.660625,7.660625,7.660625,7.660625,7.660625,7.660625,7.660625,7.660625,7.660625,7.660625,7.660625,,,,,,,,,,,,,,,,,
Barry Church Jax - S,122.46,7.65375,7.65375,7.65375,7.65375,7.65375,7.65375,7.65375,7.65375,7.65375,7.65375,7.65375,7.65375,7.65375,7.65375,7.65375,7.65375,,,,,,,,,,,,,,,,,
J. Charles Den - RB,122.39,7.649375,7.649375,7.649375,7.649375,7.649375,7.649375,7.649375,7.649375,7.649375,7.649375,7.649375,7.649375,7.649375,7.649375,7.649375,7.649375,,,,,,,,,,,,,,,,,
Kam Chancellor Sea - S,122.08,7.63,7.63,7.63,7.63,7.63,7.63,7.63,7.63,7.63,7.63,7.63,7.63,7.63,7.63,7.63,7.63,,,,,,,,,,,,,,,,,
Jordan Hicks Phi - LB,122.03,7.626875,7.626875,7.626875,7.626875,7.626875,7.626875,7.626875,7.626875,7.626875,7.626875,7.626875,7.626875,7.626875,7.626875,7.626875,7.626875,,,,,,,,,,,,,,,,,
A. Hurns Jax - WR,121.7,7.60625,7.60625,7.60625,7.60625,7.60625,7.60625,7.60625,7.60625,7.60625,7.60625,7.60625,7.60625,7.60625,7.60625,7.60625,7.60625,,,,,,,,,,,,,,,,,
K.J. Wright Sea - LB,121.56,7.5975,7.5975,7.5975,7.5975,7.5975,7.5975,7.5975,7.5975,7.5975,7.5975,7.5975,7.5975,7.5975,7.5975,7.5975,7.5975,,,,,,,,,,,,,,,,,
Karl Joseph Oak - S,121.16,7.5725,7.5725,7.5725,7.5725,7.5725,7.5725,7.5725,7.5725,7.5725,7.5725,7.5725,7.5725,7.5725,7.5725,7.5725,7.5725,,,,,,,,,,,,,,,,,
C. Sims TB - RB,120.85,7.553125,7.553125,7.553125,7.553125,7.553125,7.553125,7.553125,7.553125,7.553125,7.553125,7.553125,7.553125,7.553125,7.553125,7.553125,7.553125,,,,,,,,,,,,,,,,,
Eric Weddle Bal - S,120.4,7.525,7.525,7.525,7.525,7.525,7.525,7.525,7.525,7.525,7.525,7.525,7.525,7.525,7.525,7.525,7.525,,,,,,,,,,,,,,,,,
M. Williams LAC - WR,120.13,7.508125,7.508125,7.508125,7.508125,7.508125,7.508125,7.508125,7.508125,7.508125,7.508125,7.508125,7.508125,7.508125,7.508125,7.508125,7.508125,,,,,,,,,,,,,,,,,
Byron Jones Dal - S,119.1,7.44375,7.44375,7.44375,7.44375,7.44375,7.44375,7.44375,7.44375,7.44375,7.44375,7.44375,7.44375,7.44375,7.44375,7.44375,7.44375,,,,,,,,,,,,,,,,,
M. Wheaton Chi - WR,118.42,7.40125,7.40125,7.40125,7.40125,7.40125,7.40125,7.40125,7.40125,7.40125,7.40125,7.40125,7.40125,7.40125,7.40125,7.40125,7.40125,,,,,,,,,,,,,,,,,
Phil Dawson Ari - K,116.77,7.76,7.44,7.52,8.29,7.52,7.87,7.87,0,7.91,7.55,7.48,8.11,8.26,7.87,7.52,7.8,,,,,,,,,,,,,,,,,
R. Kelley Was - RB,116.02,7.25125,7.25125,7.25125,7.25125,7.25125,7.25125,7.25125,7.25125,7.25125,7.25125,7.25125,7.25125,7.25125,7.25125,7.25125,7.25125,,,,,,,,,,,,,,,,,
Stephen Gostkowski NE - K,115.49,8.01,7.54,7.84,7.84,7.44,7.88,7.67,8.08,0,7.44,7.34,7.84,7.71,7.51,7.34,8.01,,,,,,,,,,,,,,,,,
C. Fiedorowicz Hou - TE,114.67,7.68,7.47,6.99,7.81,7.68,8.26,0,7.09,7.81,7.81,7.78,7.4,7.44,8.23,7.68,7.54,,,,,,,,,,,,,,,,,
Tony Jefferson Bal - S,114.37,7.148125,7.148125,7.148125,7.148125,7.148125,7.148125,7.148125,7.148125,7.148125,7.148125,7.148125,7.148125,7.148125,7.148125,7.148125,7.148125,,,,,,,,,,,,,,,,,
D. Allen NE - TE,113.85,7.51,7.47,7.75,7.75,7.37,7.78,7.59,7.97,0,7.37,7.28,7.75,7.63,7.44,7.28,7.91,,,,,,,,,,,,,,,,,
O. Howard TB - TE,112.47,7.53,7.99,7.33,7.69,7.33,7.33,7.43,7.69,7.43,8.06,0,7.1,7.07,7.73,7.43,7.33,,,,,,,,,,,,,,,,,
Blair Walsh Sea - K,112,7.21,8,7.24,7.59,7.52,0,7.11,7.63,7.66,7.21,7.31,7.63,7.59,7.38,8.03,6.89,,,,,,,,,,,,,,,,,
Wil Lutz NO - K,111.95,7.42,7.17,7.27,7.27,0,7.66,6.95,7.91,7.59,7.34,7.66,7.62,7.66,6.99,7.95,7.49,,,,,,,,,,,,,,,,,
Kansas City KC - DEF,110.68,2.62,7.22,7.09,7.28,6.95,7.09,6.84,7.17,6.65,0,6.9,11.59,7.26,7.17,11.59,7.26,,,,,,,,,,,,,,,,,
Kai Forbath Min - K,110.61,7.75,6.92,7.54,7.54,7.47,7.23,7.58,7.82,0,7.23,7.86,7.16,6.95,7.13,7.54,6.89,,,,,,,,,,,,,,,,,
C. Fleener NO - TE,110.27,7.31,7.08,7.18,7.18,0,7.53,6.89,7.76,7.47,7.24,7.53,7.5,7.53,6.91,7.79,7.37,,,,,,,,,,,,,,,,,
J. McKinnon Min - RB,110.12,6.8825,6.8825,6.8825,6.8825,6.8825,6.8825,6.8825,6.8825,6.8825,6.8825,6.8825,6.8825,6.8825,6.8825,6.8825,6.8825,,,,,,,,,,,,,,,,,
E. Ebron Det - TE,109.97,7.76,7.14,7.24,7.14,7.47,7.18,0,7.24,6.86,7.89,7.4,7.5,7.14,7.14,7.73,7.14,,,,,,,,,,,,,,,,,
Jake Elliott Cin - K,109.97,7.24,7.45,6.82,7.56,7.56,0,6.82,7.52,7.31,7.1,7.07,7.9,7.24,7.76,7.1,7.52,,,,,,,,,,,,,,,,,
R. Turbin Ind - RB,109.5,6.84375,6.84375,6.84375,6.84375,6.84375,6.84375,6.84375,6.84375,6.84375,6.84375,6.84375,6.84375,6.84375,6.84375,6.84375,6.84375,,,,,,,,,,,,,,,,,
Brandon McManus Den - K,108.36,7.34,7.2,7.13,7.34,0,7.4,7.2,7,7.13,7,7.43,7,7.13,7.8,7.13,7.13,,,,,,,,,,,,,,,,,
C. Brate TB - TE,107.31,7.18,7.63,6.99,7.34,6.99,6.99,7.09,7.34,7.09,7.69,0,6.78,6.75,7.37,7.09,6.99,,,,,,,,,,,,,,,,,
D. Lewis NE - RB,106.3,6.64375,6.64375,6.64375,6.64375,6.64375,6.64375,6.64375,6.64375,6.64375,6.64375,6.64375,6.64375,6.64375,6.64375,6.64375,6.64375,,,,,,,,,,,,,,,,,
J. James Pit - TE,102.46,7.27,6.95,6.93,6.69,7.19,6.52,7.01,6.69,0,6.66,6.98,6.78,6.66,6.95,6.52,6.66,,,,,,,,,,,,,,,,,
Arizona Ari - DEF,96.4,5.56,5.35,5.39,10.17,5.39,5.63,5.63,0,5.66,5.43,5.37,10.06,10.15,5.63,5.39,5.59,,,,,,,,,,,,,,,,,
J. Williams GB - RB,96.38,6.02375,6.02375,6.02375,6.02375,6.02375,6.02375,6.02375,6.02375,6.02375,6.02375,6.02375,6.02375,6.02375,6.02375,6.02375,6.02375,,,,,,,,,,,,,,,,,
FakeRB1 - RB,90.58759659,0.231346592,6.02375,6.02375,6.02375,6.02375,6.02375,6.02375,6.02375,6.02375,6.02375,6.02375,6.02375,6.02375,6.02375,6.02375,6.02375,,,,,,,,,,,,,,,,,
FakeRB2 - RB,91.09824148,0.741991477,6.02375,6.02375,6.02375,6.02375,6.02375,6.02375,6.02375,6.02375,6.02375,6.02375,6.02375,6.02375,6.02375,6.02375,6.02375,,,,,,,,,,,,,,,,,
FakeRB3 - RB,90.45186935,0.095619352,6.02375,6.02375,6.02375,6.02375,6.02375,6.02375,6.02375,6.02375,6.02375,6.02375,6.02375,6.02375,6.02375,6.02375,6.02375,,,,,,,,,,,,,,,,,
FakeRB4 - RB,90.68556185,0.329311854,6.02375,6.02375,6.02375,6.02375,6.02375,6.02375,6.02375,6.02375,6.02375,6.02375,6.02375,6.02375,6.02375,6.02375,6.02375,,,,,,,,,,,,,,,,,
D. Njoku Cle - TE,94.95,7.87,6.03,6.03,6.4,6.61,6.03,6.31,6.18,0,6.08,6.43,6.08,6.18,6.03,6.36,6.33,,,,,,,,,,,,,,,,,
Washington Was - DEF,82.56,5.46,5.34,5.2,5.02,0,9.87,5.14,5.14,4.88,5.32,5.14,5.3,4.93,5.18,5.34,5.3,,,,,,,,,,,,,,,,,
Pittsburgh Pit - DEF,79.21,7.76,7.61,7.6,3.23,7.72,3.15,7.63,3.23,0,3.21,7.62,3.27,3.21,7.61,3.15,3.21,,,,,,,,,,,,,,,,,
Tampa Bay TB - DEF,76.92,4.58,9.11,4.46,4.68,4.46,4.46,4.52,4.68,4.52,9.15,0,4.32,4.3,4.7,4.52,4.46,,,,,,,,,,,,,,,,,
Carolina Car - DEF,75.03,5.57,5.41,5.39,0.58,5.16,5.43,5.31,5.13,5.2,5.39,0,5.39,5.13,5.39,5.16,5.39,,,,,,,,,,,,,,,,,
New England NE - DEF,74.79,2.82,2.67,7.02,7.02,2.63,7.03,6.96,7.09,0,2.63,2.6,7.02,6.97,2.66,2.6,7.07,,,,,,,,,,,,,,,,,
New York NYG - DEF,71.23,0.15,4.54,4.4,4.34,8.93,4.33,4.43,0,8.98,4.59,4.5,4.4,4.33,4.4,4.55,4.36,,,,,,,,,,,,,,,,,
Minnesota Min - DEF,69.91,4.29,3.86,4.18,4.18,4.15,4.02,4.2,8.57,0,4.02,8.6,3.98,3.87,3.97,4.18,3.84,,,,,,,,,,,,,,,,,
Green Bay GB - DEF,69.51,2.13,1.96,6.37,6.42,1.95,2.03,6.38,0,6.38,6.37,6.37,1.95,6.37,6.42,2.04,6.37,,,,,,,,,,,,,,,,,
Miami Mia - DEF,66.76,4.1725,4.1725,4.1725,4.1725,4.1725,4.1725,4.1725,4.1725,4.1725,4.1725,4.1725,4.1725,4.1725,4.1725,4.1725,4.1725,,,,,,,,,,,,,,,,,
Houston Hou - DEF,66,4.125,4.125,4.125,4.125,4.125,4.125,4.125,4.125,4.125,4.125,4.125,4.125,4.125,4.125,4.125,4.125,,,,,,,,,,,,,,,,,
Philadelphia Phi - DEF,64.29,4.018125,4.018125,4.018125,4.018125,4.018125,4.018125,4.018125,4.018125,4.018125,4.018125,4.018125,4.018125,4.018125,4.018125,4.018125,4.018125,,,,,,,,,,,,,,,,,
J. McCown NYJ - QB,61.7,3.53,3.66,4.53,4.92,4.79,3.53,3.66,3.86,4.59,3.73,0,4.39,4.19,3.6,3.93,4.79,,,,,,,,,,,,,,,,,
Denver Den - DEF,61.2,3.825,3.825,3.825,3.825,3.825,3.825,3.825,3.825,3.825,3.825,3.825,3.825,3.825,3.825,3.825,3.825,,,,,,,,,,,,,,,,,
Dallas Dal - DEF,58.87,3.679375,3.679375,3.679375,3.679375,3.679375,3.679375,3.679375,3.679375,3.679375,3.679375,3.679375,3.679375,3.679375,3.679375,3.679375,3.679375,,,,,,,,,,,,,,,,,
Cincinnati Cin - DEF,57.63,3.601875,3.601875,3.601875,3.601875,3.601875,3.601875,3.601875,3.601875,3.601875,3.601875,3.601875,3.601875,3.601875,3.601875,3.601875,3.601875,,,,,,,,,,,,,,,,,
Baltimore Bal - DEF,56.14,3.50875,3.50875,3.50875,3.50875,3.50875,3.50875,3.50875,3.50875,3.50875,3.50875,3.50875,3.50875,3.50875,3.50875,3.50875,3.50875,,,,,,,,,,,,,,,,,
Los Angeles LAR - DEF,53.91,3.369375,3.369375,3.369375,3.369375,3.369375,3.369375,3.369375,3.369375,3.369375,3.369375,3.369375,3.369375,3.369375,3.369375,3.369375,3.369375,,,,,,,,,,,,,,,,,
Buffalo Buf - DEF,52.11,3.256875,3.256875,3.256875,3.256875,3.256875,3.256875,3.256875,3.256875,3.256875,3.256875,3.256875,3.256875,3.256875,3.256875,3.256875,3.256875,,,,,,,,,,,,,,,,,
Oakland Oak - DEF,51.77,3.235625,3.235625,3.235625,3.235625,3.235625,3.235625,3.235625,3.235625,3.235625,3.235625,3.235625,3.235625,3.235625,3.235625,3.235625,3.235625,,,,,,,,,,,,,,,,,
Detroit Det - DEF,51.36,3.21,3.21,3.21,3.21,3.21,3.21,3.21,3.21,3.21,3.21,3.21,3.21,3.21,3.21,3.21,3.21,,,,,,,,,,,,,,,,,
New Orleans NO - DEF,46.41,2.900625,2.900625,2.900625,2.900625,2.900625,2.900625,2.900625,2.900625,2.900625,2.900625,2.900625,2.900625,2.900625,2.900625,2.900625,2.900625,,,,,,,,,,,,,,,,,
Tennessee Ten - DEF,42.53,2.658125,2.658125,2.658125,2.658125,2.658125,2.658125,2.658125,2.658125,2.658125,2.658125,2.658125,2.658125,2.658125,2.658125,2.658125,2.658125,,,,,,,,,,,,,,,,,
Indianapolis Ind - DEF,39.49,2.468125,2.468125,2.468125,2.468125,2.468125,2.468125,2.468125,2.468125,2.468125,2.468125,2.468125,2.468125,2.468125,2.468125,2.468125,2.468125,,,,,,,,,,,,,,,,,
Jacksonville Jax - DEF,39.04,2.44,2.44,2.44,2.44,2.44,2.44,2.44,2.44,2.44,2.44,2.44,2.44,2.44,2.44,2.44,2.44,,,,,,,,,,,,,,,,,
Chicago Chi - DEF,35.51,2.219375,2.219375,2.219375,2.219375,2.219375,2.219375,2.219375,2.219375,2.219375,2.219375,2.219375,2.219375,2.219375,2.219375,2.219375,2.219375,,,,,,,,,,,,,,,,,
Los Angeles LAC - DEF,33.78,2.11125,2.11125,2.11125,2.11125,2.11125,2.11125,2.11125,2.11125,2.11125,2.11125,2.11125,2.11125,2.11125,2.11125,2.11125,2.11125,,,,,,,,,,,,,,,,,
Cleveland Cle - DEF,33.08,2.0675,2.0675,2.0675,2.0675,2.0675,2.0675,2.0675,2.0675,2.0675,2.0675,2.0675,2.0675,2.0675,2.0675,2.0675,2.0675,,,,,,,,,,,,,,,,,
New York NYJ - DEF,28.39,1.774375,1.774375,1.774375,1.774375,1.774375,1.774375,1.774375,1.774375,1.774375,1.774375,1.774375,1.774375,1.774375,1.774375,1.774375,1.774375,,,,,,,,,,,,,,,,,
San Francisco SF - DEF,21.57,1.348125,1.348125,1.348125,1.348125,1.348125,1.348125,1.348125,1.348125,1.348125,1.348125,1.348125,1.348125,1.348125,1.348125,1.348125,1.348125,,,,,,,,,,,,,,,,,
Untracked1 NE - QB,0,0,0,0,0,0,0,0,0,0,0,0,0,0,0,0,0,,,,,,,,,,,,,,,,,
Untracked2 NE - QB,0,0,0,0,0,0,0,0,0,0,0,0,0,0,0,0,0,,,,,,,,,,,,,,,,,
Untracked3 NE - QB,0,0,0,0,0,0,0,0,0,0,0,0,0,0,0,0,0,,,,,,,,,,,,,,,,,
Untracked4 NE - QB,0,0,0,0,0,0,0,0,0,0,0,0,0,0,0,0,0,,,,,,,,,,,,,,,,,
Untracked5 NE - QB,0,0,0,0,0,0,0,0,0,0,0,0,0,0,0,0,0,,,,,,,,,,,,,,,,,
Untracked6 NE - QB,0,0,0,0,0,0,0,0,0,0,0,0,0,0,0,0,0,,,,,,,,,,,,,,,,,
Untracked7 NE - QB,0,0,0,0,0,0,0,0,0,0,0,0,0,0,0,0,0,,,,,,,,,,,,,,,,,
Untracked8 NE - QB,0,0,0,0,0,0,0,0,0,0,0,0,0,0,0,0,0,,,,,,,,,,,,,,,,,
Untracked9 NE - QB,0,0,0,0,0,0,0,0,0,0,0,0,0,0,0,0,0,,,,,,,,,,,,,,,,,
Untracked10 NE - QB,0,0,0,0,0,0,0,0,0,0,0,0,0,0,0,0,0,,,,,,,,,,,,,,,,,
Untracked11 NE - QB,0,0,0,0,0,0,0,0,0,0,0,0,0,0,0,0,0,,,,,,,,,,,,,,,,,
Untracked12 NE - QB,0,0,0,0,0,0,0,0,0,0,0,0,0,0,0,0,0,,,,,,,,,,,,,,,,,
Untracked13 NE - QB,0,0,0,0,0,0,0,0,0,0,0,0,0,0,0,0,0,,,,,,,,,,,,,,,,,
Untracked14 NE - QB,0,0,0,0,0,0,0,0,0,0,0,0,0,0,0,0,0,,,,,,,,,,,,,,,,,
Untracked15 NE - QB,0,0,0,0,0,0,0,0,0,0,0,0,0,0,0,0,0,,,,,,,,,,,,,,,,,
Untracked16 NE - QB,0,0,0,0,0,0,0,0,0,0,0,0,0,0,0,0,0,,,,,,,,,,,,,,,,,
Untracked17 NE - QB,0,0,0,0,0,0,0,0,0,0,0,0,0,0,0,0,0,,,,,,,,,,,,,,,,,
Untracked18 NE - QB,0,0,0,0,0,0,0,0,0,0,0,0,0,0,0,0,0,,,,,,,,,,,,,,,,,
Untracked19 NE - QB,0,0,0,0,0,0,0,0,0,0,0,0,0,0,0,0,0,,,,,,,,,,,,,,,,,
Untracked20 NE - QB,0,0,0,0,0,0,0,0,0,0,0,0,0,0,0,0,0,,,,,,,,,,,,,,,,,
Untracked21 NE - QB,0,0,0,0,0,0,0,0,0,0,0,0,0,0,0,0,0,,,,,,,,,,,,,,,,,
Untracked22 NE - QB,0,0,0,0,0,0,0,0,0,0,0,0,0,0,0,0,0,,,,,,,,,,,,,,,,,
Untracked23 NE - QB,0,0,0,0,0,0,0,0,0,0,0,0,0,0,0,0,0,,,,,,,,,,,,,,,,,
Untracked24 NE - QB,0,0,0,0,0,0,0,0,0,0,0,0,0,0,0,0,0,,,,,,,,,,,,,,,,,
Untracked25 NE - QB,0,0,0,0,0,0,0,0,0,0,0,0,0,0,0,0,0,,,,,,,,,,,,,,,,,
Untracked26 NE - QB,0,0,0,0,0,0,0,0,0,0,0,0,0,0,0,0,0,,,,,,,,,,,,,,,,,
Untracked27 NE - QB,0,0,0,0,0,0,0,0,0,0,0,0,0,0,0,0,0,,,,,,,,,,,,,,,,,
Untracked28 NE - QB,0,0,0,0,0,0,0,0,0,0,0,0,0,0,0,0,0,,,,,,,,,,,,,,,,,
Untracked29 NE - QB,0,0,0,0,0,0,0,0,0,0,0,0,0,0,0,0,0,,,,,,,,,,,,,,,,,
Untracked30 NE - QB,0,0,0,0,0,0,0,0,0,0,0,0,0,0,0,0,0,,,,,,,,,,,,,,,,,
Untracked31 NE - QB,0,0,0,0,0,0,0,0,0,0,0,0,0,0,0,0,0,,,,,,,,,,,,,,,,,
Untracked32 NE - QB,0,0,0,0,0,0,0,0,0,0,0,0,0,0,0,0,0,,,,,,,,,,,,,,,,,
Untracked33 NE - QB,0,0,0,0,0,0,0,0,0,0,0,0,0,0,0,0,0,,,,,,,,,,,,,,,,,
Untracked34 NE - QB,0,0,0,0,0,0,0,0,0,0,0,0,0,0,0,0,0,,,,,,,,,,,,,,,,,
Untracked35 NE - QB,0,0,0,0,0,0,0,0,0,0,0,0,0,0,0,0,0,,,,,,,,,,,,,,,,,
Untracked36 NE - QB,0,0,0,0,0,0,0,0,0,0,0,0,0,0,0,0,0,,,,,,,,,,,,,,,,,
Untracked37 NE - QB,0,0,0,0,0,0,0,0,0,0,0,0,0,0,0,0,0,,,,,,,,,,,,,,,,,
Untracked38 NE - QB,0,0,0,0,0,0,0,0,0,0,0,0,0,0,0,0,0,,,,,,,,,,,,,,,,,
Untracked39 NE - QB,0,0,0,0,0,0,0,0,0,0,0,0,0,0,0,0,0,,,,,,,,,,,,,,,,,
Untracked40 NE - QB,0,0,0,0,0,0,0,0,0,0,0,0,0,0,0,0,0,,,,,,,,,,,,,,,,,
Untracked41 NE - QB,0,0,0,0,0,0,0,0,0,0,0,0,0,0,0,0,0,,,,,,,,,,,,,,,,,
Untracked42 NE - QB,0,0,0,0,0,0,0,0,0,0,0,0,0,0,0,0,0,,,,,,,,,,,,,,,,,
Untracked43 NE - QB,0,0,0,0,0,0,0,0,0,0,0,0,0,0,0,0,0,,,,,,,,,,,,,,,,,
Untracked44 NE - QB,0,0,0,0,0,0,0,0,0,0,0,0,0,0,0,0,0,,,,,,,,,,,,,,,,,
Untracked45 NE - QB,0,0,0,0,0,0,0,0,0,0,0,0,0,0,0,0,0,,,,,,,,,,,,,,,,,
Untracked46 NE - QB,0,0,0,0,0,0,0,0,0,0,0,0,0,0,0,0,0,,,,,,,,,,,,,,,,,
Untracked47 NE - QB,0,0,0,0,0,0,0,0,0,0,0,0,0,0,0,0,0,,,,,,,,,,,,,,,,,
Untracked48 NE - QB,0,0,0,0,0,0,0,0,0,0,0,0,0,0,0,0,0,,,,,,,,,,,,,,,,,
Untracked49 NE - QB,0,0,0,0,0,0,0,0,0,0,0,0,0,0,0,0,0,,,,,,,,,,,,,,,,,
Untracked50 NE - QB,0,0,0,0,0,0,0,0,0,0,0,0,0,0,0,0,0,,,,,,,,,,,,,,,,,
