Player,total,1,2,3,4,5,6,7,8,9,10,11,12,13,14,15,16
T. Brady NE - QB,465.02,31.13,28.27,30.11,30.11,27.66,30.32,29.09,31.54,0,27.66,27.04,30.11,29.29,28.07,27.04,31.13
A. Rodgers GB - QB,448.96,29.3,25.29,29.1,30.1,25.09,26.9,29.3,0,29.3,28.9,29.1,25.09,29.1,30.1,27.09,28.9
D. Brees NO - QB,406.13,26.83,23.46,24.1,24.1,0,26.46,22.17,27.96,26.03,24.53,26.46,26.24,26.46,22.39,28.18,25.39
M. Ryan Atl - QB,377.64,26.54,23.39,23.02,25.25,0,24.88,20.06,25.06,22.84,22.84,21.35,24.88,24.5,25.06,23.02,22.47
A. Luck Ind - QB,364.4,24.48,23.52,26.03,19.66,25.84,21.21,24.87,21.21,21.21,21.98,0,23.52,22.75,21.79,22.75,21.21
R. Wilson Sea - QB,360.56,20.06,25.4,21.62,23.34,23,0,20.93,23.51,23.69,21.45,21.97,23.51,23.34,22.31,25.58,19.9
K. Cousins Was - QB,357.03,24.33,23.35,22.17,20.59,0,25.71,21.58,21.58,19.41,23.15,21.58,22.95,19.81,21.97,23.35,22.95
D. Prescott Dal - QB,354.6,21.37,20.82,21.49,25.03,21.84,0,23.69,21.66,23.01,20.49,23.18,24.19,23.18,21.16,20.82,21.84
M. Mariota Ten - QB,344.64,22.32,21.69,20.63,20.27,20.27,22.4,23.1,0,22.22,22.4,19.04,20.27,22.22,20.27,22.4,23.81
M. Stafford Det - QB,343.28,23.42,20.41,20.96,20.41,22.27,20.59,0,20.96,18.73,24.69,21.89,22.45,20.41,20.41,23.76,20.41
C. Newton Car - QB,332.39,22.94,21.73,21.55,17.39,19.82,21.91,21.04,19.65,20.17,21.55,0,21.55,19.65,21.55,19.82,21.55
A. Dalton Cin - QB,325.32,19.88,20.94,17.76,21.47,21.47,0,17.76,21.29,20.23,19.17,19,23.24,19.88,22.53,19.17,21.29
D. Carr Oak - QB,325.07,23.82,22.4,19.83,18.8,21.03,22.23,20.52,20,19.15,0,18.97,20.52,20.52,18.46,19.49,19.83
B. Roethlisberger Pit - QB,316.31,23.6,20.42,20.27,19,21.69,18.04,20.74,19,0,18.84,20.58,19.47,18.84,20.42,18.04,18.84
T. Taylor Buf - QB,314.16,21.09,19.12,20.6,17.81,19.12,0,20.76,19.78,20.76,20.93,19.62,18.3,17.98,20.76,20.76,16.5
J. Winston TB - QB,313.01,19.73,22.29,18.62,20.64,18.62,18.62,19.17,20.64,19.17,22.66,0,17.34,17.15,20.83,19.17,18.62
P. Rivers LAC - QB,294.04,17.49,19.62,18.73,19.79,16.78,16.43,19.26,14.83,0,18.2,19.97,15.72,21.74,19.79,17.14,19.26
J. Flacco Bal - QB,291.5,17.06,21.35,18.61,17.57,16.55,20.5,16.89,19.12,17.23,0,15.68,19.12,19.12,16.03,19.46,19.12
E. Manning NYG - QB,288.94,17.4,18.8,17.4,16.88,20.2,16.71,17.75,0,20.72,19.33,18.45,17.4,16.71,17.4,18.98,17.05
C. Wentz Phi - QB,281.66,17.58,16.38,18.1,17.24,18.44,16.38,18.61,20.33,18.1,0,15.35,19.82,15.35,18.27,16.55,17.41
A. Smith KC - QB,274.69,16.05,17.87,17.17,18.15,16.46,17.17,15.9,17.59,14.91,0,16.18,18.43,18.01,17.59,18.43,18.01
C. Palmer Ari - QB,272.24,16.96,15.51,15.83,19.37,15.83,17.44,17.44,0,17.6,15.99,15.67,18.56,19.2,17.44,15.83,17.12
S. Bradford Min - QB,271.53,18.65,14.97,17.73,17.73,17.42,16.35,17.88,18.95,0,16.35,19.11,16.04,15.12,15.89,17.73,14.82
B. Bortles Jax - QB,263.77,14.34,16.79,16.62,16.79,13.65,18.36,14.86,0,17.14,18.19,18.19,14.86,16.79,15.75,16.79,17.49
D. Watson Hou - QB,221.62,0,14.09,12.15,15.48,14.92,17.28,0,12.56,15.48,15.48,15.34,13.81,13.95,17.14,14.92,14.37
M. Glennon Chi - QB,217.19,14.33,12.56,13,11.82,14.04,12.56,14.18,12.85,0,12.7,14.33,12.85,15.81,12.7,12.85,15.96
A. Brown Pit - WR,251.95,16.77,16.05,15.98,15.47,16.57,15.08,16.18,15.47,0,15.4,16.11,15.66,15.4,16.05,15.08,15.4
O. Beckham Jr. NYG - WR,250.19,16.09,15.87,15.34,15.14,16.42,15.07,15.47,0,16.61,16.08,15.74,15.34,15.07,15.34,15.94,15.2
J. Jones Atl - WR,246.97,18.22,15.11,14.98,17.76,0,15.63,13.94,15.7,14.92,14.92,14.4,15.63,15.5,15.7,14.98,14.79
M. Evans TB - WR,236.78,16.09,15.65,14.39,15.09,14.39,14.39,14.58,15.09,14.58,15.78,0,13.95,13.89,15.15,14.58,14.39
D. Bryant Dal - WR,233.21,15.05,14.04,14.28,15.58,14.4,0,15.08,14.34,14.84,13.91,14.9,15.27,14.9,14.16,14.04,14.4
J. Nelson GB - WR,232.97,14.94,13.71,14.88,15.19,13.65,14.21,14.94,0,14.94,14.82,14.88,13.65,14.88,15.19,14.26,14.82
A. Green Cin - WR,231.53,15.64,14.6,13.46,14.79,14.79,0,13.46,14.72,14.35,13.97,13.91,15.42,14.22,15.17,13.97,14.72
D. Baldwin Sea - WR,223.17,13.55,14.89,13.61,14.19,14.07,0,13.38,14.25,14.31,13.55,13.73,14.25,14.19,13.84,14.95,13.03
M. Thomas NO - WR,222.47,13.82,13.39,13.57,13.57,0,14.25,13.02,14.68,14.13,13.7,14.25,14.19,14.25,13.09,14.74,13.95
A. Cooper Oak - WR,216.68,14.11,14.29,13.42,13.08,13.82,14.22,13.65,13.48,13.19,0,13.13,13.65,13.65,12.96,13.31,13.42
T. Hilton Ind - WR,210.51,12.56,13.02,13.73,11.91,13.68,12.36,13.4,12.36,12.36,12.58,0,13.02,12.79,12.52,12.79,12.36
T. Hill KC - WR,203.03,13.1,12.86,12.64,12.94,12.42,12.64,12.25,12.77,11.94,0,12.34,13.04,12.9,12.77,13.04,12.9
D. Thomas Den - WR,202.86,12.86,12.64,12.53,12.86,0,12.97,12.64,12.31,12.53,12.31,13.03,12.31,12.53,13.64,12.53,12.53
B. Cooks NE - WR,198.14,12.91,12.18,12.65,12.65,12.03,12.7,12.39,13.01,0,12.03,11.87,12.65,12.44,12.13,11.87,12.91
G. Tate Det - WR,197.18,13.01,12.02,12.17,12.02,12.54,12.08,0,12.17,11.55,13.22,12.44,12.6,12.02,12.02,12.96,12.02
A. Jeffery Phi - WR,195.24,12.2,11.82,12.36,12.09,12.47,11.82,12.52,13.06,12.36,0,11.49,12.9,11.49,12.41,11.87,12.14
T. Pryor Sr. Was - WR,194.18,12.7,12.42,12.1,11.66,0,13.07,11.93,11.93,11.33,12.37,11.93,12.31,11.44,12.04,12.42,12.31
M. Crabtree Oak - WR,194.13,12.64,12.8,12.02,11.72,12.38,12.74,12.23,12.08,11.82,0,11.77,12.23,12.23,11.61,11.92,12.02
J. Landry Mia - WR,190.55,12.37,11.87,12.17,12.27,12.27,11.32,12.82,11.67,12.07,11.67,0,11.07,12.07,11.57,11.82,11.52
T. Austin LAR - WR,190.36,7.33,7.24,7.27,6.62,7,7.15,7.19,0,6.86,7.19,6.92,7.24,6.86,7.27,6.56,6.95
M. Bryant Pit - WR,188.35,0,12.87,12.81,12.38,13.29,12.06,12.97,12.38,0,12.33,12.92,12.54,12.33,12.87,12.06,12.33
D. Hopkins Hou - WR,187.13,11.75,11.44,10.74,11.95,11.75,12.6,0,10.89,11.95,11.95,11.9,11.34,11.39,12.55,11.75,11.54
T. Lockett Sea - WR,186.52,11.39,12.3,11.43,11.82,11.74,0,11.26,11.86,11.9,11.39,11.5,11.86,11.82,11.59,12.34,11.03
A. Robinson Jax - WR,186.13,10.99,11.72,11.67,11.72,10.79,12.19,11.15,0,11.83,12.14,12.14,11.15,11.72,11.42,11.72,11.93
K. Benjamin Car - WR,180.1,11.87,11.53,11.48,10.3,10.98,11.58,11.33,10.94,11.09,11.48,0,11.48,10.94,11.48,10.98,11.48
D. Jackson TB - WR,178.79,11.22,11.92,10.92,11.47,10.92,10.92,11.07,11.47,11.07,12.02,0,10.57,10.52,11.52,11.07,10.92
D. Adams GB - WR,178.42,11.45,10.49,11.4,11.64,10.44,10.87,11.45,0,11.45,11.35,11.4,10.44,11.4,11.64,10.92,11.35
W. Snead NO - WR,174.73,10.85,10.51,10.66,10.66,0,11.19,10.22,11.52,11.09,10.75,11.19,11.14,11.19,10.28,11.58,10.95
E. Sanders Den - WR,174.66,11.07,10.89,10.8,11.07,0,11.16,10.89,10.61,10.8,10.61,11.2,10.61,10.8,11.7,10.8,10.8
J. Crowder Was - WR,173.98,11.34,11.11,10.84,10.47,0,11.66,10.7,10.7,10.2,11.07,10.7,11.02,10.29,10.79,11.11,11.02
D. Moncrief Ind - WR,172.17,11.18,10.94,11.55,10.01,11.51,10.38,11.27,10.38,10.38,10.57,0,10.94,10.75,10.52,10.75,10.38
S. Diggs Min - WR,172.03,11.27,10.14,10.98,10.98,10.89,10.56,11.03,11.36,0,10.56,11.41,10.46,10.19,10.42,10.98,10.09
J. Matthews Buf - WR,171.47,11.14,10.57,11,10.18,10.57,0,11.05,10.76,11.05,11.09,10.71,10.33,10.23,11.05,11.05,9.8
T. Williams LAC - WR,169.85,10.38,10.95,10.71,11,10.19,10.09,10.85,9.66,0,10.57,11.05,9.9,11.52,11,10.28,10.85
M. Wallace Bal - WR,169.72,10.29,11.47,10.71,10.43,10.14,11.23,10.24,10.86,10.33,0,9.91,10.86,10.86,10,10.95,10.86
R. Cobb GB - WR,166.79,10.7,9.82,10.65,10.87,9.77,10.17,10.7,0,10.7,10.61,10.65,9.77,10.65,10.87,10.21,10.61
D. Parker Mia - WR,166.6,10.84,10.38,10.66,10.75,10.75,9.87,11.25,10.19,10.56,10.19,0,9.64,10.56,10.1,10.33,10.06
R. Matthews Ten - WR,163.96,10.8,10.26,9.99,9.9,9.9,10.44,10.62,0,10.4,10.44,9.59,9.9,10.4,9.9,10.44,10.8
L. Fitzgerald Ari - WR,163.77,10.22,9.83,9.91,10.88,9.91,10.35,10.35,0,10.39,9.96,9.87,10.66,10.83,10.35,9.91,10.26
J. Brown Ari - WR,161.67,10.09,9.69,9.79,10.75,9.79,10.22,10.22,0,10.26,9.82,9.74,10.52,10.7,10.22,9.79,10.13
B. Marshall NYG - WR,158.75,9.76,10.1,9.76,9.63,10.45,9.59,9.85,0,10.58,10.24,10.02,9.76,9.59,9.76,10.15,9.68
A. Thielen Min - WR,158.59,10.39,9.35,10.12,10.12,10.04,9.73,10.17,10.47,0,9.73,10.52,9.65,9.39,9.61,10.12,9.3
C. Meredith Chi - WR,155.31,9.93,9.4,9.54,9.19,9.85,9.4,9.89,9.49,0,9.45,9.93,9.49,10.37,9.45,9.49,10.42
K. Allen LAC - WR,155.3,9.49,10.01,9.79,10.06,9.32,9.23,9.92,8.84,0,9.66,10.1,9.05,10.54,10.06,9.4,9.92
T. Ginn Jr. NO - WR,154.63,9.61,9.34,9.45,9.45,0,9.88,9.1,10.15,9.8,9.53,9.88,9.84,9.88,9.14,10.19,9.69
R. Woods LAR - WR,153.17,10.24,9.82,9.86,8.9,9.47,9.69,9.73,0,9.25,9.73,9.34,9.82,9.25,9.86,8.81,9.39
K. Britt Cle - WR,151.28,9.32,9.15,9.15,9.68,9.98,9.15,9.55,9.37,0,9.24,9.72,9.24,9.37,9.15,9.63,9.59
M. Williams LAC - WR,150.86,9.21,9.73,9.52,9.78,9.03,8.95,9.65,8.55,0,9.38,9.82,8.78,10.26,9.78,9.12,9.65
S. Watkins LAR - WR,150.86,10.48,10.35,10.39,9.37,9.98,0,10.26,0,9.74,10.26,9.84,10.35,9.74,10.39,9.29,9.89
T. Gabriel Atl - WR,148.94,9.94,9.26,9.18,9.66,0,9.59,8.55,9.62,9.14,9.14,8.83,9.59,9.5,9.62,9.18,9.06
M. Lee Jax - WR,146,8.63,9.2,9.15,9.2,8.47,9.56,8.75,0,9.28,9.52,9.52,8.75,9.2,8.95,9.2,9.35
P. Garcon SF - WR,145.81,9.48,8.48,9.7,8.82,8.82,8.9,8.86,8.94,9.28,9.19,0,8.94,9.23,8.82,9.32,9.48
M. Jones Jr. Det - WR,144.36,9.54,8.79,8.91,8.79,9.19,8.83,0,8.91,8.43,9.7,9.11,9.23,8.79,8.79,9.5,8.79
B. Perriman Bal - WR,144.34,8.76,9.74,9.11,8.88,8.64,9.55,8.71,9.23,8.79,0,8.44,9.23,9.23,8.52,9.31,9.23
E. Decker Ten - WR,143.83,10.1,9,8.77,8.69,8.69,9.16,9.31,0,9.12,9.16,8.41,8.69,9.12,8.69,9.16,9.47
C. Coleman Cle - WR,142.55,9.02,8.61,8.61,9.1,9.39,8.61,8.98,8.81,0,8.69,9.14,8.69,8.81,8.61,9.06,9.02
S. Shepard NYG - WR,141.42,8.69,9,8.69,8.58,9.31,8.54,8.77,0,9.43,9.12,8.92,8.69,8.54,8.69,9.04,8.61
C. Beasley Dal - WR,139.67,9.21,8.4,8.54,9.31,8.61,0,9.02,8.58,8.87,8.32,8.91,9.13,8.91,8.46,8.4,8.61
J. Kerley SF - WR,134.01,8.65,7.9,8.81,8.15,8.15,8.21,8.18,8.24,8.5,8.44,0,8.24,8.47,8.15,8.53,8.65
K. Stills Mia - WR,133.17,8.66,8.3,8.52,8.59,8.59,7.89,8.99,8.15,8.44,8.15,0,7.71,8.44,8.08,8.26,8.04
J. Doctson Was - WR,132.69,8.67,8.49,8.26,7.97,0,8.93,8.16,8.16,7.75,8.45,8.16,8.41,7.83,8.23,8.49,8.41
C. Samuel Car - WR,127.05,8.37,8.13,8.1,7.27,7.75,8.17,7.99,7.71,7.82,8.1,0,8.1,7.71,8.1,7.75,8.1
J. Maclin Bal - WR,126.92,11.21,8.32,7.78,7.57,7.37,8.14,7.44,7.88,7.51,0,7.2,7.88,7.88,7.27,7.94,7.88
K. White Chi - WR,126.12,8.07,7.63,7.74,7.45,8,7.63,8.03,7.7,0,7.67,8.07,7.7,8.44,7.67,7.7,8.47
C. Davis Ten - WR,125.7,8.27,7.87,7.66,7.6,7.6,8,8.14,0,7.97,8,7.37,7.6,7.97,7.6,8,8.27
B. LaFell Cin - WR,124.31,7.68,7.89,7.27,7.99,7.99,0,7.27,7.96,7.75,7.54,7.51,8.33,7.68,8.19,7.54,7.96
Z. Jones Buf - WR,123.51,8.02,7.61,7.92,7.34,7.61,0,7.96,7.75,7.96,7.99,7.72,7.44,7.37,7.96,7.96,7.06
T. Smith Phi - WR,123.37,7.7,7.47,7.81,7.64,7.87,7.47,7.91,8.25,7.81,0,7.26,8.15,7.26,7.84,7.5,7.67
C. Patterson Oak - WR,121.86,7.85,7.92,7.57,7.42,7.73,7.9,7.66,7.59,7.47,0,7.45,7.66,7.66,7.37,7.51,7.57
A. Hurns Jax - WR,121.7,7.19,7.67,7.63,7.67,7.05,7.97,7.29,0,7.73,7.93,7.93,7.29,7.67,7.46,7.67,7.8
M. Wheaton Chi - WR,118.42,7.57,7.17,7.27,7,7.51,7.17,7.54,7.24,0,7.2,7.57,7.24,7.91,7.2,7.24,7.94
D. Johnson Ari - RB,332.99,20.78,19.95,20.14,22.15,20.14,21.06,21.06,0,21.14,20.23,20.04,21.69,22.06,21.06,20.14,20.87
L. Bell Pit - RB,324.64,21.66,20.7,20.61,19.91,21.39,19.39,20.87,19.91,0,19.83,20.79,20.18,19.83,20.7,19.39,19.83
D. Freeman Atl - RB,250.16,16.71,15.56,15.43,16.24,0,16.1,14.34,16.17,15.35,15.35,14.81,16.1,15.97,16.17,15.43,15.22
M. Gordon LAC - RB,244.96,14.96,15.8,15.45,15.88,14.67,14.54,15.66,13.9,0,15.24,15.94,14.25,16.65,15.88,14.82,15.66
D. Murray Ten - RB,241.66,15.17,15.17,14.78,14.65,14.65,15.44,15.7,0,15.37,15.44,14.18,14.65,15.37,14.65,15.44,15.96
J. Ajayi Mia - RB,240.63,0,14.99,15.39,15.53,15.53,14.25,16.27,14.72,15.26,14.72,15.66,13.91,15.26,14.59,14.92,14.51
L. McCoy Buf - RB,234.66,15.26,14.46,15.06,13.93,14.46,0,15.12,14.73,15.12,15.19,14.66,14.13,13.99,15.12,15.12,13.4
J. Howard Chi - RB,234.19,14.98,14.18,14.38,13.85,14.85,14.18,14.91,14.31,0,14.25,14.98,14.31,15.64,14.25,14.31,15.71
L. Fournette Jax - RB,221.68,13.09,13.97,13.9,13.97,12.83,14.53,13.27,0,14.09,14.47,14.47,13.27,13.97,13.58,13.97,14.21
E. Elliott Dal - RB,215,0,0,0,0,0,0,0,21.29,22.05,20.62,22.15,22.73,22.15,21,20.81,21.39
T. Gurley LAR - RB,213.64,13.92,13.73,13.8,12.41,13.23,13.55,13.61,0,12.92,13.61,13.04,13.73,12.92,13.8,12.29,13.1
K. Hunt KC - RB,135.865,9.095,9.22,9.025,9.305,8.825,9.025,8.665,9.14,8.39,0,8.745,9.385,9.26,9.14,9.385,9.26
T. Montgomery GB - RB,211.05,13.53,12.44,13.47,13.74,12.39,12.88,13.53,0,13.53,13.42,13.47,12.39,13.47,13.74,12.93,13.42
B. Powell NYJ - RB,205.83,12.31,12.43,13.19,13.54,13.43,12.31,12.43,12.6,13.26,12.49,0,13.08,12.9,12.36,12.66,13.43
C. McCaffrey Car - RB,205.82,11.98,13.29,13.23,11.85,12.65,13.34,13.06,12.59,12.77,13.23,0,13.23,12.59,13.23,12.65,13.23
C. Hyde SF - RB,195.43,12.72,11.35,13.01,11.81,11.81,11.92,11.86,11.98,12.44,12.32,0,11.98,12.38,11.81,12.49,12.72
L. Miller Hou - RB,186.94,11.74,11.42,10.7,11.94,11.74,12.62,0,10.85,11.94,11.94,11.89,11.32,11.37,12.57,11.74,11.53
I. Crowell Cle - RB,186.4,11.49,11.27,11.27,11.93,12.31,11.27,11.76,11.54,0,11.38,11.99,11.38,11.54,11.27,11.87,11.82
P. Perkins NYG - RB,185.47,11.4,11.81,11.4,11.24,12.23,11.19,11.5,0,12.39,11.97,11.71,11.4,11.19,11.4,11.86,11.29
D. Johnson Jr. Cle - RB,184.47,11.38,11.18,11.18,11.79,12.14,11.18,11.63,11.43,0,11.28,11.84,11.28,11.43,11.18,11.74,11.68
M. Lynch Oak - RB,178.96,11.67,11.82,11.08,10.79,11.43,11.77,11.28,11.13,10.88,0,10.84,11.28,11.28,10.69,10.98,11.08
T. Coleman Atl - RB,176.12,10.65,11.02,10.94,11.5,0,11.41,10.18,11.46,10.89,10.89,10.5,11.41,11.31,11.46,10.94,10.79
M. Ingram NO - RB,175.34,10.89,10.54,10.69,10.69,0,11.23,10.25,11.58,11.13,10.79,11.23,11.18,11.23,10.3,11.62,10.99
C. Anderson Den - RB,172.1,10.79,12.53,10.51,10.79,0,10.89,10.6,10.32,10.51,10.32,10.93,10.32,10.51,11.46,10.51,10.51
E. Lacy Sea - RB,168.38,10.21,11.28,10.25,10.72,10.62,0,10.07,10.76,10.81,10.21,10.34,10.76,10.72,10.44,11.33,9.78
J. Mixon Cin - RB,166,10.35,10.53,9.68,10.68,10.68,0,9.68,10.62,10.34,10.06,10.01,11.14,10.25,10.95,10.06,10.62
D. Cook Min - RB,164.44,10.78,9.67,10.51,10.51,10.41,10.09,10.55,10.88,0,10.09,10.93,10,9.72,9.95,10.51,9.62
S. Vereen NYG - RB,157.69,9.7,10.04,9.7,9.56,10.38,9.53,9.78,0,10.51,10.16,9.95,9.7,9.53,9.7,10.08,9.61
T. Riddick Det - RB,156.11,10.32,9.51,9.64,9.51,9.94,9.55,0,9.64,9.12,10.49,9.85,9.98,9.51,9.51,10.28,9.51
D. Sproles Phi - RB,154.17,9.63,9.36,9.75,9.55,9.83,9.36,9.87,10.25,9.75,0,9.12,10.14,9.12,9.79,9.39,9.6
A. Peterson NO - RB,152.95,9.5,9.19,9.32,9.32,0,9.8,8.92,10.11,9.71,9.41,9.8,9.76,9.8,8.97,10.16,9.58
M. Gillislee NE - RB,152.52,9.94,9.38,9.74,9.74,9.25,9.78,9.54,10.02,0,9.25,9.13,9.74,9.58,9.34,9.13,9.94
C. Thompson Was - RB,147.72,9.64,9.43,9.21,8.9,0,9.9,9.09,9.09,8.66,9.4,9.09,9.36,8.73,9.16,9.43,9.36
J. White NE - RB,143.88,9.36,8.85,9.18,9.18,8.74,9.21,9,9.44,0,8.74,8.63,9.18,9.03,8.81,8.63,9.36
A. Abdullah Det - RB,140.07,9.27,8.53,8.65,8.53,8.92,8.56,0,8.65,8.17,9.43,8.84,8.96,8.53,8.53,9.24,8.53
S. Perine Was - RB,139.74,7.51,7.34,8.94,8.61,0,9.67,8.81,8.81,8.37,9.14,8.81,9.1,8.45,8.9,9.18,9.1
D. Martin TB - RB,134.1,0,0,0,10.63,10.11,10.11,10.26,10.63,10.26,11.14,0,9.79,9.74,10.67,10.26,10.11
C. Prosise Sea - RB,133.94,9.64,8.83,8.06,8.42,8.34,0,7.93,8.45,8.49,8.03,8.14,8.45,8.42,8.21,8.87,7.72
L. Murray Min - RB,133.62,8.76,7.86,8.54,8.54,8.46,8.2,8.57,8.83,0,8.2,8.88,8.13,7.9,8.08,8.54,7.82
D. Henry Ten - RB,133.17,8.77,8.33,8.12,8.05,8.05,8.48,8.62,0,8.44,8.48,7.79,8.05,8.44,8.05,8.48,8.77
J. Richard Oak - RB,133.15,8.68,8.79,8.25,8.03,8.5,8.75,8.39,8.28,8.1,0,8.06,8.39,8.39,7.96,8.17,8.25
F. Gore Ind - RB,128.46,8.34,8.16,8.62,7.47,8.58,7.74,8.41,7.74,7.74,7.89,0,8.16,8.02,7.85,8.02,7.74
L. Blount Phi - RB,127.8,9.33,7.65,8,7.82,8.07,7.65,8.1,8.45,8,0,7.44,8.35,7.44,8.03,7.69,7.86
G. Bernard Cin - RB,126.43,7.81,8.02,7.39,8.13,8.13,0,7.39,8.1,7.88,7.67,7.63,8.48,7.81,8.34,7.67,8.1
T. West Bal - RB,125.38,7.59,8.48,7.91,7.7,7.49,8.31,7.56,8.03,7.63,0,7.31,8.03,8.03,7.38,8.09,8.03
M. Forte NYJ - RB,124.43,8.21,7.46,7.93,8.13,8.07,7.39,7.46,7.57,7.96,7.5,0,7.85,7.75,7.42,7.6,8.07
J. Charles Den - RB,123.66,7.77,8.9,7.55,7.77,0,7.83,7.63,7.42,7.55,7.42,7.86,7.42,7.55,8.24,7.55,7.55
C. Sims TB - RB,120.85,7.58,8.06,7.38,7.75,7.38,7.38,7.48,7.75,7.48,8.13,0,7.15,7.11,7.79,7.48,7.38
R. Kelley Was - RB,119.1,9.11,8.91,7.23,6.97,0,7.82,7.13,7.13,6.78,7.39,7.13,7.36,6.84,7.2,7.43,7.36
D. Washington Oak - RB,113.52,7.39,7.48,7.03,6.85,7.24,7.45,7.15,7.06,6.91,0,6.88,7.15,7.15,6.79,6.97,7.03
J. Hill Cin - RB,113.13,9.18,7.18,6.62,7.27,7.27,0,6.62,7.24,7.05,6.87,6.83,7.58,6.99,7.46,6.87,7.24
R. Burkhead NE - RB,112.22,7.31,6.9,7.16,7.16,6.81,7.2,7.01,7.37,0,6.81,6.72,7.16,7.05,6.87,6.72,7.31
J. McKinnon Min - RB,110.12,7.21,6.49,7.03,7.03,6.97,6.76,7.06,7.27,0,6.76,7.3,6.7,6.52,6.67,7.03,6.46
R. Turbin Ind - RB,109.5,7.1,6.96,7.35,6.36,7.32,6.6,7.16,6.6,6.6,6.72,0,6.96,6.84,6.69,6.84,6.6
R. Gronkowski NE - TE,207.97,13.54,12.79,13.28,13.28,12.63,13.33,13.01,13.65,0,12.63,12.47,13.28,13.06,12.73,12.47,13.54
J. Graham Sea - TE,203.18,12.33,13.57,12.39,12.92,12.82,0,12.17,12.97,13.03,12.33,12.49,12.97,12.92,12.6,13.62,11.86
J. Reed Was - TE,186.84,12.22,11.96,11.64,11.22,0,12.58,11.48,11.48,10.9,11.9,11.48,11.85,11.01,11.58,11.96,11.85
G. Olsen Car - TE,180.27,11.89,11.54,11.49,10.29,10.99,11.59,11.34,10.94,11.09,11.49,0,11.49,10.94,11.49,10.99,11.49
T. Kelce KC - TE,169.26,12.89,10.63,10.4,10.72,10.17,10.4,9.98,10.54,9.65,0,10.07,10.82,10.68,10.54,10.82,10.68
M. Bennett GB - TE,163.77,10.51,9.64,10.46,10.68,9.59,9.99,10.51,0,10.51,10.42,10.46,9.59,10.46,10.68,10.03,10.42
K. Rudolph Min - TE,154.94,10.15,9.13,9.89,9.89,9.81,9.51,9.94,10.23,0,9.51,10.27,9.43,9.17,9.38,9.89,9.09
H. Henry LAC - TE,149.28,9.12,9.62,9.41,9.66,8.95,8.87,9.54,8.49,0,9.29,9.71,8.7,10.13,9.66,9.04,9.54
T. Eifert Cin - TE,140.48,8.68,8.92,8.21,9.03,9.03,0,8.21,8.99,8.76,8.52,8.49,9.42,8.68,9.27,8.52,8.99
D. Walker Ten - TE,140.1,10.66,8.67,8.44,8.37,8.37,8.83,8.98,0,8.79,8.83,8.09,8.37,8.79,8.37,8.83,9.14
Z. Ertz Phi - TE,136.98,8.56,8.29,8.67,8.48,8.74,8.29,8.78,9.16,8.67,0,8.06,9.05,8.06,8.71,8.33,8.52
J. Doyle Ind - TE,134.86,8.76,8.57,9.05,7.84,9.01,8.13,8.83,8.13,8.13,8.28,0,8.57,8.42,8.24,8.42,8.13
J. Thomas Mia - TE,132.42,7.95,8.29,8.52,8.59,8.59,7.88,9.01,8.15,8.45,8.15,0,7.69,8.45,8.06,8.25,8.03
C. Fiedorowicz Hou - TE,122.27,7.68,7.47,6.99,7.81,7.68,8.26,0,7.09,7.81,7.81,7.78,7.4,7.44,8.23,7.68,7.54
D. Allen NE - TE,121.04,7.51,7.47,7.75,7.75,7.37,7.78,7.59,7.97,0,7.37,7.28,7.75,7.63,7.44,7.28,7.91
A. Gates LAC - TE,120.23,7.35,7.74,7.58,7.78,7.22,7.16,7.68,6.86,0,7.48,7.81,7.02,8.14,7.78,7.28,7.68
O. Howard TB - TE,119.99,7.53,7.99,7.33,7.69,7.33,7.33,7.43,7.69,7.43,8.06,0,7.1,7.07,7.73,7.43,7.33
C. Fleener NO - TE,117.65,7.31,7.08,7.18,7.18,0,7.53,6.89,7.76,7.47,7.24,7.53,7.5,7.53,6.91,7.79,7.37
E. Ebron Det - TE,117.32,7.76,7.14,7.24,7.14,7.47,7.18,0,7.24,6.86,7.89,7.4,7.5,7.14,7.14,7.73,7.14
C. Brate TB - TE,114.52,7.18,7.63,6.99,7.34,6.99,6.99,7.09,7.34,7.09,7.69,0,6.78,6.75,7.37,7.09,6.99
J. James Pit - TE,109.11,7.27,6.95,6.93,6.69,7.19,6.52,7.01,6.69,0,6.66,6.98,6.78,6.66,6.95,6.52,6.66
J. Witten Dal - TE,106.33,7.01,6.39,6.5,7.09,6.56,0,6.87,6.53,6.76,6.33,6.78,6.95,6.78,6.45,6.39,6.56
J. Cook Oak - TE,104.67,7.08,6.89,6.47,6.3,6.67,6.86,6.58,6.5,6.35,0,6.32,6.58,6.58,6.24,6.41,6.47
D. Njoku Cle - TE,101.55,7.87,6.03,6.03,6.4,6.61,6.03,6.31,6.18,0,6.08,6.43,6.08,6.18,6.03,6.36,6.33
Justin Tucker Bal - K,138.53,8.4,9.36,8.74,8.52,8.28,9.17,8.36,8.86,8.43,0,8.09,8.86,8.86,8.17,8.94,8.86
Dan Bailey Dal - K,135.1,8.9,8.12,8.26,9.01,8.33,0,8.73,8.3,8.58,8.05,8.62,8.83,8.62,8.19,8.12,8.33
Ryan Succop Ten - K,132.44,8.74,8.29,8.07,7.99,7.99,8.44,8.59,0,8.4,8.44,7.72,7.99,8.4,7.99,8.44,8.74
Chris Boswell Pit - K,132.33,8.85,8.44,8.41,8.11,8.74,7.89,8.52,8.11,0,8.07,8.48,8.22,8.07,8.44,7.89,8.07
Matt Bryant Atl - K,131.61,8.81,8.18,8.11,8.55,0,8.48,7.52,8.52,8.07,8.07,7.78,8.48,8.41,8.52,8.11,8
Mason Crosby GB - K,131,8.41,7.68,8.38,8.56,7.65,7.98,8.41,0,8.41,8.34,8.38,7.65,8.38,8.56,8.01,8.34
Stephen Gostkowski NE - K,130.69,8.53,8.03,8.35,8.35,7.92,8.39,8.17,8.61,0,7.92,7.81,8.35,8.21,7.99,7.81,8.53
Phil Dawson Ari - K,124.41,7.76,7.44,7.52,8.29,7.52,7.87,7.87,0,7.91,7.55,7.48,8.11,8.26,7.87,7.52,7.8
Blair Walsh Sea - K,120.23,7.28,8.08,7.31,7.66,7.59,0,7.17,7.7,7.73,7.28,7.38,7.7,7.66,7.45,8.11,6.96
Wil Lutz NO - K,119.41,7.42,7.17,7.27,7.27,0,7.66,6.95,7.91,7.59,7.34,7.66,7.62,7.66,6.99,7.95,7.49
Adam Vinatieri Ind - K,118.83,7.73,7.56,8,6.88,7.97,7.15,7.8,7.15,7.15,7.29,0,7.56,7.42,7.25,7.42,7.15
Kai Forbath Min - K,117.93,7.75,6.92,7.54,7.54,7.47,7.23,7.58,7.82,0,7.23,7.86,7.16,6.95,7.13,7.54,6.89
Jake Elliott Cin - K,117.28,7.24,7.45,6.82,7.56,7.56,0,6.82,7.52,7.31,7.1,7.07,7.9,7.24,7.76,7.1,7.52
Brandon McManus Den - K,115.59,7.34,7.2,7.13,7.34,0,7.4,7.2,7,7.13,7,7.43,7,7.13,7.8,7.13,7.13
New England NE - DEF,259.01,14.65,13.84,18.61,18.61,13.66,18.67,18.32,19.02,0,13.66,13.49,18.61,18.38,13.78,13.49,18.9
Seattle Sea - DEF,255.32,13.43,19.02,13.49,18.33,18.21,0,13.27,18.38,18.44,13.43,13.61,18.38,18.33,13.73,19.08,12.91
Kansas City KC - DEF,243.22,10.17,15.26,14.93,15.39,14.61,14.93,14.35,15.13,13.9,0,14.48,19.77,15.33,15.13,19.77,15.33
Denver Den - DEF,235.01,14.63,14.38,14.25,14.63,0,14.76,14.38,14,14.25,14,14.82,14,14.25,19.76,14.25,14.25
Arizona Ari - DEF,233.93,13.8,13.26,13.38,18.95,13.38,13.98,13.98,0,14.04,13.44,13.32,18.65,18.89,13.98,13.38,13.86
Pittsburgh Pit - DEF,227.72,17.45,16.87,16.82,12.15,17.29,11.83,16.98,12.15,0,12.09,16.92,12.3,12.09,16.87,11.83,12.09
Houston Hou - DEF,227.1,17.97,13.36,8.28,13.96,13.72,18.99,0,12.7,13.96,13.96,13.91,13.25,13.3,18.92,13.72,13.48
Green Bay GB - DEF,223.73,11.9,10.91,16.09,16.34,10.87,11.3,16.15,0,16.15,16.05,16.09,10.87,16.09,16.34,11.36,16.05
Atlanta Atl - DEF,218.43,12.88,12,11.9,16.77,0,16.66,11.07,16.71,11.85,11.85,11.43,16.66,16.56,16.71,11.9,11.74
Baltimore Bal - DEF,218.34,12.73,18.41,13.24,12.9,12.55,18.13,12.67,13.41,12.78,0,12.27,13.41,13.41,12.38,13.53,13.41
Dallas Dal - DEF,212.36,12.32,11.23,11.43,16.71,11.52,0,16.32,11.48,16.12,11.13,16.16,16.47,16.16,11.32,11.23,11.52
Minnesota Min - DEF,210.54,13.23,11.91,12.9,12.9,12.79,12.4,12.95,17.59,0,12.4,17.65,12.29,11.96,12.24,12.9,11.85
Oakland Oak - DEF,210.45,13.16,17.57,12.5,12.18,12.89,17.52,12.72,12.56,12.29,0,12.23,12.72,12.72,12.08,12.41,12.5
Philadelphia Phi - DEF,204.41,12.23,11.86,12.4,12.13,12.51,11.86,12.57,17.36,12.4,0,11.53,17.19,11.53,12.45,11.91,12.18
New York NYG - DEF,200.16,7.79,12.47,12.04,11.88,17.15,11.83,12.15,0,17.31,12.63,12.36,12.04,11.83,12.04,12.53,11.94
Cincinnati Cin - DEF,197.38,11.67,11.98,11.05,12.14,12.14,0,11.05,12.08,11.78,11.47,11.41,16.9,11.67,16.7,11.47,12.08
Tampa Bay TB - DEF,196.74,11.81,16.79,11.5,12.07,11.5,11.5,11.65,12.07,11.65,16.89,0,11.13,11.08,12.12,11.65,11.5
Washington Was - DEF,194.3,12.42,12.15,11.84,11.42,0,17.04,11.68,11.68,11.1,12.1,11.68,12.05,11.21,11.78,12.15,12.05
Miami Mia - DEF,186.52,12.13,11.62,11.93,12.03,12.03,11.05,16.85,11.42,11.82,11.42,0,6.55,11.82,11.31,11.57,11.26
Buffalo Buf - DEF,185.35,16.3,11.43,11.89,11.01,11.43,0,11.94,11.63,11.94,12,11.57,11.16,11.06,11.94,11.94,6.34
Jacksonville Jax - DEF,184.53,11.15,11.89,11.84,11.89,6.69,12.37,11.31,0,12,12.31,12.31,11.31,11.89,11.57,11.89,12.1
Tennessee Ten - DEF,182.87,11.76,11.18,10.89,10.79,10.79,11.37,11.57,0,11.32,11.37,10.45,10.79,11.32,10.79,11.37,16.01
Detroit Det - DEF,182.22,11.49,10.58,10.72,10.58,11.06,10.62,0,10.72,10.15,15.93,10.96,11.11,10.58,10.58,15.69,10.58
Indianapolis Ind - DEF,177.89,10.72,10.49,15.33,9.6,15.28,9.96,15.06,9.96,9.96,10.13,0,10.49,10.32,10.09,10.32,9.96
Los Angeles LAC - DEF,174.15,10.91,11.5,11.25,11.55,10.7,10.6,11.4,5.9,0,11.1,11.6,6.15,16.35,11.55,10.8,11.4
Carolina Car - DEF,171.49,11.58,11.25,11.2,5.8,10.72,11.3,11.05,10.67,10.82,11.2,0,11.2,10.67,11.2,10.72,11.2
New Orleans NO - DEF,167.59,9.88,9.57,9.71,9.71,0,10.19,9.3,14.74,10.09,9.79,10.19,10.14,10.19,9.36,14.79,9.97
New York NYJ - DEF,166.91,10.49,10.59,11.24,11.55,11.45,6.24,10.59,10.74,11.29,10.64,0,11.14,10.99,6.29,10.79,11.45
Chicago Chi - DEF,161.26,6.61,10.28,10.42,5.79,10.76,10.28,10.81,10.37,0,10.33,10.86,10.37,11.34,10.33,10.37,11.39
Los Angeles LAR - DEF,149.51,10.28,10.15,10.2,4.95,9.79,10.02,10.06,0,9.56,10.06,9.65,10.15,9.56,10.2,4.86,9.7
Cleveland Cle - DEF,131.13,5.14,4.96,4.96,9.75,10.06,4.96,9.62,9.44,0,9.31,9.79,9.31,9.44,4.96,9.7,9.66
San Francisco SF - DEF,127.65,9.41,4.16,9.62,4.49,4.49,8.83,8.79,8.87,9.21,9.12,0,8.87,9.16,4.49,9.25,9.41
Luke Kuechly Car - LB,174.09,11.47,11.14,11.09,9.97,10.62,11.2,10.95,10.57,10.72,11.09,0,11.09,10.57,11.09,10.62,11.09
Alec Ogletree LAR - LB,172.99,11.26,11.11,11.16,10.07,10.71,10.96,11.02,0,10.47,11.02,10.57,11.11,10.47,11.16,9.97,10.61
Landon Collins NYG - S,171.83,10.56,10.93,10.56,10.42,11.31,10.38,10.67,0,11.45,11.08,10.85,10.56,10.38,10.56,10.98,10.46
Ryan Shazier Pit - LB,166.2,11.09,10.6,10.56,10.2,10.95,9.93,10.68,10.2,0,10.15,10.64,10.32,10.15,10.6,9.93,10.15
Telvin Smith Jax - LB,164.25,9.7,10.35,10.3,10.35,9.52,10.76,9.84,0,10.44,10.71,10.71,9.84,10.35,10.07,10.35,10.53
Lavonte David TB - LB,162.9,10.22,10.85,9.95,10.45,9.95,9.95,10.08,10.45,10.08,10.94,0,9.64,9.59,10.49,10.08,9.95
Bobby Wagner Sea - LB,162.23,9.85,10.83,9.89,10.32,10.24,0,9.72,10.36,10.4,9.85,9.97,10.36,10.32,10.06,10.87,9.47
Benardrick McKinney Hou - LB,161.19,10.12,9.86,9.24,10.29,10.12,10.86,0,9.37,10.29,10.29,10.26,9.77,9.81,10.83,10.12,9.95
Deion Jones Atl - LB,160.24,10.7,9.97,9.88,10.39,0,10.3,9.2,10.35,9.83,9.83,9.5,10.3,10.23,10.35,9.88,9.76
Kwon Alexander TB - LB,157.94,9.91,10.51,9.65,10.13,9.65,9.65,9.78,10.13,9.78,10.61,0,9.34,9.3,10.16,9.78,9.65
J.J. Watt Hou - DE,155.18,9.74,9.49,8.89,9.91,9.74,10.47,0,9.02,9.91,9.91,9.87,9.4,9.45,10.42,9.74,9.57
Jamie Collins Sr. Cle - LB,153.9,9.49,9.31,9.31,9.84,10.16,9.31,9.71,9.53,0,9.4,9.89,9.4,9.53,9.31,9.8,9.75
Zach Brown Was - LB,153.16,10.01,9.8,9.54,9.2,0,10.31,9.41,9.41,8.94,9.75,9.41,9.71,9.03,9.5,9.8,9.71
Sean Lee Dal - LB,152.39,10.05,9.16,9.32,10.16,9.4,0,9.84,9.36,9.68,9.08,9.72,9.96,9.72,9.24,9.16,9.4
Reshad Jones Mia - S,151.19,0,9.42,9.67,9.75,9.75,8.96,10.21,9.26,9.58,9.26,9.84,8.76,9.58,9.16,9.38,9.12
Harrison Smith Min - S,147.69,9.68,8.7,9.42,9.42,9.36,9.07,9.46,9.74,0,9.07,9.8,8.98,8.73,8.95,9.42,8.67
C.J. Mosley Bal - LB,146.96,8.92,9.92,9.28,9.03,8.79,9.72,8.88,9.39,8.95,0,8.59,9.39,9.39,8.67,9.48,9.39
Eric Kendricks Min - LB,146.67,9.61,8.64,9.36,9.36,9.29,9,9.4,9.69,0,9,9.73,8.92,8.68,8.89,9.36,8.6
Von Miller Den - LB,142.95,9.06,8.91,8.83,9.06,0,9.14,8.91,8.67,8.83,8.67,9.18,8.67,8.83,9.61,8.83,8.83
Vontaze Burfict Cin - LB,141.86,8.77,9,8.3,9.11,9.11,0,8.3,9.07,8.85,8.61,8.57,9.5,8.77,9.35,8.61,9.07
Mark Barron LAR - LB,140.98,9.18,9.06,9.1,8.21,8.73,8.94,8.98,0,8.53,8.98,8.61,9.06,8.53,9.1,8.12,8.65
Kiko Alonso Mia - LB,139.23,9.06,8.68,8.91,8.98,8.98,8.25,9.4,8.52,8.82,8.52,0,8.06,8.82,8.44,8.63,8.4
Khalil Mack Oak - DE,138.98,9.05,9.17,8.6,8.38,8.87,9.13,8.76,8.64,8.46,0,8.42,8.76,8.76,8.3,8.53,8.6
Keanu Neal Atl - S,138.62,9.25,8.62,8.55,8.99,0,8.92,7.96,8.96,8.51,8.51,8.21,8.92,8.85,8.96,8.55,8.44
Jatavis Brown LAC - LB,138.42,8.46,8.92,8.73,8.96,8.3,8.22,8.85,7.87,0,8.61,9,8.07,9.39,8.96,8.37,8.85
Marcus Peters KC - CB,134.26,8.1,8.57,8.39,8.64,8.21,8.39,8.07,8.5,7.81,0,8.13,8.72,8.61,8.5,8.72,8.61
Justin Houston KC - LB,132.74,8.01,8.47,8.3,8.55,8.12,8.3,7.97,8.4,7.72,0,8.04,8.62,8.51,8.4,8.62,8.51
Lawrence Timmons Mia - LB,130.31,8.48,8.12,8.34,8.4,8.4,7.72,8.8,7.97,8.26,7.97,0,7.55,8.26,7.9,8.08,7.86
Johnathan Cyprien Ten - S,129.97,8.56,8.13,7.92,7.86,7.86,8.27,8.41,0,8.24,8.27,7.6,7.86,8.24,7.86,8.27,8.56
Su'a Cravens Was - S,129.29,8.45,8.27,8.06,7.77,0,8.7,7.94,7.94,7.55,8.23,7.94,8.2,7.63,8.02,8.27,8.2
Tyrann Mathieu Ari - S,128.86,8.04,7.73,7.79,8.56,7.79,8.14,8.14,0,8.18,7.84,7.76,8.39,8.54,8.14,7.79,8.08
Christian Kirksey Cle - LB,128.81,7.94,7.79,7.79,8.24,8.5,7.79,8.13,7.98,0,7.87,8.28,7.87,7.98,7.79,8.2,8.16
Derrick Johnson KC - LB,127.15,7.67,8.12,7.94,8.19,7.78,7.94,7.64,8.05,7.4,0,7.7,8.26,8.15,8.05,8.26,8.15
T.J. Watt Pit - LB,126.44,8.43,8.07,8.03,7.76,8.33,7.55,8.13,7.76,0,7.72,8.09,7.85,7.72,8.07,7.55,7.72
Craig Robertson NO - LB,126.21,7.84,7.59,7.7,7.7,0,8.08,7.38,8.33,8.01,7.76,8.08,8.05,8.08,7.42,8.36,7.91
Vic Beasley Jr. Atl - LB,125.79,8.39,7.82,7.76,8.16,0,8.09,7.22,8.13,7.72,7.72,7.45,8.09,8.03,8.13,7.76,7.66
Preston Brown Buf - LB,125.33,8.15,7.73,8.04,7.44,7.73,0,8.07,7.87,8.07,8.11,7.83,7.55,7.48,8.07,8.07,7.16
Jason Pierre-Paul NYG - DE,124.46,7.65,7.93,7.65,7.55,8.19,7.51,7.72,0,8.3,8.03,7.85,7.65,7.51,7.65,7.96,7.59
Avery Williamson Ten - LB,123.42,8.13,7.72,7.52,7.46,7.46,7.85,7.99,0,7.83,7.85,7.22,7.46,7.83,7.46,7.85,8.13
Ha Ha Clinton-Dix GB - S,122.57,7.86,7.21,7.83,7.99,7.18,7.47,7.86,0,7.86,7.79,7.83,7.18,7.83,7.99,7.51,7.79
Barry Church Jax - S,122.46,7.23,7.71,7.68,7.71,7.1,8.02,7.34,0,7.78,7.99,7.99,7.34,7.71,7.51,7.71,7.85
Kam Chancellor Sea - S,122.08,7.41,8.15,7.44,7.76,7.7,0,7.32,7.8,7.83,7.41,7.5,7.8,7.76,7.57,8.18,7.12
Karl Joseph Oak - S,121.16,7.9,8,7.5,7.31,7.73,7.97,7.63,7.54,7.37,0,7.34,7.63,7.63,7.25,7.44,7.5
Eric Weddle Bal - S,120.4,7.31,8.13,7.6,7.4,7.2,7.96,7.28,7.69,7.33,0,7.04,7.69,7.69,7.11,7.77,7.69
Byron Jones Dal - S,119.1,7.85,7.16,7.28,7.94,7.34,0,7.69,7.32,7.56,7.09,7.6,7.79,7.6,7.22,7.16,7.34
Eric Berry KC - S,117.03,7.06,7.48,7.31,7.53,7.16,7.31,7.03,7.41,6.81,0,7.09,7.6,7.51,7.41,7.6,7.51
Chris Harris Jr. Den - CB,116.38,7.38,7.26,7.19,7.38,0,7.44,7.26,7.06,7.19,7.06,7.47,7.06,7.19,7.82,7.19,7.19
Tony Jefferson Bal - S,114.37,6.94,7.72,7.22,7.03,6.84,7.56,6.91,7.31,6.97,0,6.69,7.31,7.31,6.74,7.38,7.31
